client id,noise multiplier,round,epsilon
client0,0.2,1,5.105918
client0,0.2,2,5.410144
client0,0.2,3,5.71437
client0,0.2,4,6.018596
client0,0.2,5,6.322822
client0,0.2,6,6.627048
client0,0.2,7,6.931274
client0,0.2,8,7.2355
client0,0.2,9,7.539727
client0,0.2,10,7.843953
client0,0.2,11,8.148179
client0,0.2,12,8.452405
client0,0.2,13,8.756631
client0,0.2,14,9.060857
client0,0.2,15,9.365083
client0,0.2,16,9.669309
client0,0.2,17,9.973535
client0,0.2,18,10.277762
client0,0.2,19,10.581988
client0,0.2,20,10.886214
client0,0.2,21,11.028549
client0,0.2,22,11.071498
client0,0.2,23,11.114446
client0,0.2,24,11.157395
client0,0.2,25,11.200343
client0,0.2,26,11.243292
client0,0.2,27,11.28624
client0,0.2,28,11.329189
client0,0.2,29,11.372137
client0,0.2,30,11.415086
client0,0.2,31,11.458034
client0,0.2,32,11.500983
client0,0.2,33,11.543931
client0,0.2,34,11.58688
client0,0.2,35,11.629828
client0,0.2,36,11.672777
client0,0.2,37,11.715725
client0,0.2,38,11.758674
client0,0.2,39,11.801622
client0,0.2,40,11.844571
client0,0.2,41,11.887519
client0,0.2,42,11.930468
client0,0.2,43,11.973416
client0,0.2,44,12.016365
client0,0.2,45,12.059313
client0,0.2,46,12.102262
client0,0.2,47,12.14521
client0,0.2,48,12.188159
client0,0.2,49,12.231107
client0,0.2,50,12.274056
client0,0.2,51,12.317004
client0,0.2,52,12.359953
client0,0.2,53,12.402901
client0,0.2,54,12.44585
client0,0.2,55,12.488798
client0,0.2,56,12.531747
client0,0.2,57,12.574695
client0,0.2,58,12.617644
client0,0.2,59,12.660592
client0,0.2,60,12.703541
client0,0.2,61,12.746489
client0,0.2,62,12.789438
client0,0.2,63,12.832386
client0,0.2,64,12.875335
client0,0.2,65,12.918283
client0,0.2,66,12.961232
client0,0.2,67,13.00418
client0,0.2,68,13.047128
client0,0.2,69,13.090077
client0,0.2,70,13.133025
client0,0.2,71,13.175974
client0,0.2,72,13.218922
client0,0.2,73,13.261871
client0,0.2,74,13.304819
client0,0.2,75,13.347768
client0,0.2,76,13.390716
client0,0.2,77,13.433665
client0,0.2,78,13.476613
client0,0.2,79,13.519562
client0,0.2,80,13.56251
client0,0.2,81,13.605459
client0,0.2,82,13.648407
client0,0.2,83,13.691356
client0,0.2,84,13.734304
client0,0.2,85,13.777253
client0,0.2,86,13.820201
client0,0.2,87,13.86315
client0,0.2,88,13.906098
client0,0.2,89,13.949047
client0,0.2,90,13.991995
client0,0.2,91,14.034944
client0,0.2,92,14.077892
client0,0.2,93,14.120841
client0,0.2,94,14.163789
client0,0.2,95,14.206738
client0,0.2,96,14.249686
client0,0.2,97,14.292635
client0,0.2,98,14.335583
client0,0.2,99,14.378532
client0,0.2,100,14.42148
client1,0.2,1,4.910457
client1,0.2,2,5.019223
client1,0.2,3,5.127989
client1,0.2,4,5.236755
client1,0.2,5,5.345521
client1,0.2,6,5.454287
client1,0.2,7,5.563053
client1,0.2,8,5.671819
client1,0.2,9,5.780585
client1,0.2,10,5.889351
client1,0.2,11,5.998117
client1,0.2,12,6.106883
client1,0.2,13,6.215648
client1,0.2,14,6.324414
client1,0.2,15,6.43318
client1,0.2,16,6.541946
client1,0.2,17,6.650712
client1,0.2,18,6.759478
client1,0.2,19,6.868244
client1,0.2,20,6.97701
client1,0.2,21,7.085776
client1,0.2,22,7.194542
client1,0.2,23,7.303308
client1,0.2,24,7.412074
client1,0.2,25,7.52084
client1,0.2,26,7.629605
client1,0.2,27,7.738371
client1,0.2,28,7.847137
client1,0.2,29,7.955903
client1,0.2,30,8.064669
client1,0.2,31,8.173435
client1,0.2,32,8.282201
client1,0.2,33,8.390967
client1,0.2,34,8.499733
client1,0.2,35,8.608499
client1,0.2,36,8.717265
client1,0.2,37,8.826031
client1,0.2,38,8.934797
client1,0.2,39,9.043562
client1,0.2,40,9.152328
client1,0.2,41,9.261094
client1,0.2,42,9.36986
client1,0.2,43,9.478626
client1,0.2,44,9.587392
client1,0.2,45,9.696158
client1,0.2,46,9.804924
client1,0.2,47,9.91369
client1,0.2,48,10.022456
client1,0.2,49,10.131222
client1,0.2,50,10.239988
client1,0.2,51,10.348754
client1,0.2,52,10.457519
client1,0.2,53,10.566285
client1,0.2,54,10.675051
client1,0.2,55,10.783817
client1,0.2,56,10.892583
client1,0.2,57,11.001349
client1,0.2,58,11.110115
client1,0.2,59,11.218881
client1,0.2,60,11.327647
client1,0.2,61,11.436413
client1,0.2,62,11.545179
client1,0.2,63,11.621329
client1,0.2,64,11.645054
client1,0.2,65,11.66878
client1,0.2,66,11.692505
client1,0.2,67,11.71623
client1,0.2,68,11.739956
client1,0.2,69,11.763681
client1,0.2,70,11.787407
client1,0.2,71,11.811132
client1,0.2,72,11.834857
client1,0.2,73,11.858583
client1,0.2,74,11.882308
client1,0.2,75,11.906033
client1,0.2,76,11.929759
client1,0.2,77,11.953484
client1,0.2,78,11.97721
client1,0.2,79,12.000935
client1,0.2,80,12.02466
client1,0.2,81,12.048386
client1,0.2,82,12.072111
client1,0.2,83,12.095836
client1,0.2,84,12.119562
client1,0.2,85,12.143287
client1,0.2,86,12.167012
client1,0.2,87,12.190738
client1,0.2,88,12.214463
client1,0.2,89,12.238189
client1,0.2,90,12.261914
client1,0.2,91,12.285639
client1,0.2,92,12.309365
client1,0.2,93,12.33309
client1,0.2,94,12.356815
client1,0.2,95,12.380541
client1,0.2,96,12.404266
client1,0.2,97,12.427991
client1,0.2,98,12.451717
client1,0.2,99,12.475442
client1,0.2,100,12.499168
client2,0.2,1,13.139051
client2,0.2,2,16.15147
client2,0.2,3,19.163889
client2,0.2,4,22.176309
client2,0.2,5,25.188728
client2,0.2,6,28.201148
client2,0.2,7,31.213567
client2,0.2,8,34.225986
client2,0.2,9,37.238406
client2,0.2,10,40.250825
client2,0.2,11,43.263245
client2,0.2,12,46.275664
client2,0.2,13,49.288084
client2,0.2,14,52.300503
client2,0.2,15,55.312922
client2,0.2,16,58.325342
client2,0.2,17,61.337761
client2,0.2,18,64.350181
client2,0.2,19,67.3626
client2,0.2,20,70.37502
client2,0.2,21,73.387439
client2,0.2,22,76.399858
client2,0.2,23,79.412278
client2,0.2,24,82.424697
client2,0.2,25,85.437117
client2,0.2,26,88.449536
client2,0.2,27,91.461956
client2,0.2,28,94.474375
client2,0.2,29,97.486794
client2,0.2,30,100.499214
client2,0.2,31,103.511633
client2,0.2,32,106.524053
client2,0.2,33,109.536472
client2,0.2,34,112.548891
client2,0.2,35,115.561311
client2,0.2,36,118.57373
client2,0.2,37,121.58615
client2,0.2,38,124.598569
client2,0.2,39,127.610989
client2,0.2,40,130.623408
client2,0.2,41,133.635827
client2,0.2,42,136.648247
client2,0.2,43,139.660666
client2,0.2,44,142.673086
client2,0.2,45,145.685505
client2,0.2,46,148.697925
client2,0.2,47,151.710344
client2,0.2,48,154.722763
client2,0.2,49,157.735183
client2,0.2,50,160.747602
client2,0.2,51,163.760022
client2,0.2,52,166.772441
client2,0.2,53,169.784861
client2,0.2,54,172.79728
client2,0.2,55,175.809699
client2,0.2,56,178.822119
client2,0.2,57,181.834538
client2,0.2,58,184.846958
client2,0.2,59,187.859377
client2,0.2,60,190.871796
client2,0.2,61,193.884216
client2,0.2,62,196.896635
client2,0.2,63,199.909055
client2,0.2,64,202.921474
client2,0.2,65,205.933894
client2,0.2,66,208.946313
client2,0.2,67,211.958732
client2,0.2,68,214.971152
client2,0.2,69,217.983571
client2,0.2,70,220.995991
client2,0.2,71,224.00841
client2,0.2,72,227.02083
client2,0.2,73,230.033249
client2,0.2,74,233.045668
client2,0.2,75,236.058088
client2,0.2,76,239.070507
client2,0.2,77,242.082927
client2,0.2,78,245.095346
client2,0.2,79,248.107766
client2,0.2,80,251.120185
client2,0.2,81,254.132604
client2,0.2,82,257.145024
client2,0.2,83,260.157443
client2,0.2,84,263.169863
client2,0.2,85,266.182282
client2,0.2,86,269.194701
client2,0.2,87,272.207121
client2,0.2,88,275.21954
client2,0.2,89,278.23196
client2,0.2,90,281.244379
client2,0.2,91,284.256799
client2,0.2,92,287.269218
client2,0.2,93,290.281637
client2,0.2,94,293.294057
client2,0.2,95,296.306476
client2,0.2,96,299.318896
client2,0.2,97,302.331315
client2,0.2,98,305.343735
client2,0.2,99,308.356154
client2,0.2,100,311.368573
client0,0.18,1,10.312964
client0,0.18,2,10.499297
client0,0.18,3,10.68563
client0,0.18,4,10.871964
client0,0.18,5,11.058297
client0,0.18,6,11.24463
client0,0.18,7,11.430963
client0,0.18,8,11.617296
client0,0.18,9,11.803629
client0,0.18,10,11.989962
client0,0.18,11,12.176295
client0,0.18,12,12.362628
client0,0.18,13,12.548962
client0,0.18,14,12.735295
client0,0.18,15,12.921628
client0,0.18,16,13.107961
client0,0.18,17,13.294294
client0,0.18,18,13.480627
client0,0.18,19,13.66696
client0,0.18,20,13.853293
client0,0.18,21,14.039627
client0,0.18,22,14.22596
client0,0.18,23,14.412293
client0,0.18,24,14.598626
client0,0.18,25,14.784959
client0,0.18,26,14.971292
client0,0.18,27,15.157625
client0,0.18,28,15.343958
client0,0.18,29,15.530291
client0,0.18,30,15.716625
client0,0.18,31,15.902958
client0,0.18,32,16.089291
client0,0.18,33,16.275624
client0,0.18,34,16.461957
client0,0.18,35,16.64829
client0,0.18,36,16.834623
client0,0.18,37,17.020956
client0,0.18,38,17.207289
client0,0.18,39,17.393623
client0,0.18,40,17.579956
client0,0.18,41,17.766289
client0,0.18,42,17.952622
client0,0.18,43,18.138955
client0,0.18,44,18.325288
client0,0.18,45,18.511621
client0,0.18,46,18.697954
client0,0.18,47,18.884288
client0,0.18,48,19.070621
client0,0.18,49,19.256954
client0,0.18,50,19.443287
client0,0.18,51,19.62962
client0,0.18,52,19.815953
client0,0.18,53,20.002286
client0,0.18,54,20.188619
client0,0.18,55,20.374952
client0,0.18,56,20.561286
client0,0.18,57,20.747619
client0,0.18,58,20.933952
client0,0.18,59,21.120285
client0,0.18,60,21.306618
client0,0.18,61,21.492951
client0,0.18,62,21.679284
client0,0.18,63,21.865617
client0,0.18,64,22.05195
client0,0.18,65,22.238284
client0,0.18,66,22.424617
client0,0.18,67,22.61095
client0,0.18,68,22.797283
client0,0.18,69,22.983616
client0,0.18,70,23.169949
client0,0.18,71,23.356282
client0,0.18,72,23.542615
client0,0.18,73,23.728949
client0,0.18,74,23.915282
client0,0.18,75,24.101615
client0,0.18,76,24.287948
client0,0.18,77,24.474281
client0,0.18,78,24.660614
client0,0.18,79,24.846947
client0,0.18,80,25.03328
client0,0.18,81,25.219613
client0,0.18,82,25.405947
client0,0.18,83,25.59228
client0,0.18,84,25.778613
client0,0.18,85,25.964946
client0,0.18,86,26.151279
client0,0.18,87,26.337612
client0,0.18,88,26.523945
client0,0.18,89,26.710278
client0,0.18,90,26.896611
client0,0.18,91,27.082945
client0,0.18,92,27.269278
client0,0.18,93,27.455611
client0,0.18,94,27.641944
client0,0.18,95,27.828277
client0,0.18,96,28.01461
client0,0.18,97,28.200943
client0,0.18,98,28.387276
client0,0.18,99,28.573609
client0,0.18,100,28.759943
client1,0.18,1,10.229564
client1,0.18,2,10.332498
client1,0.18,3,10.435431
client1,0.18,4,10.538364
client1,0.18,5,10.641297
client1,0.18,6,10.74423
client1,0.18,7,10.847163
client1,0.18,8,10.950097
client1,0.18,9,11.05303
client1,0.18,10,11.155963
client1,0.18,11,11.258896
client1,0.18,12,11.361829
client1,0.18,13,11.464763
client1,0.18,14,11.567696
client1,0.18,15,11.670629
client1,0.18,16,11.773562
client1,0.18,17,11.876495
client1,0.18,18,11.979429
client1,0.18,19,12.082362
client1,0.18,20,12.185295
client1,0.18,21,12.288228
client1,0.18,22,12.391161
client1,0.18,23,12.494095
client1,0.18,24,12.597028
client1,0.18,25,12.699961
client1,0.18,26,12.802894
client1,0.18,27,12.905827
client1,0.18,28,13.008761
client1,0.18,29,13.111694
client1,0.18,30,13.214627
client1,0.18,31,13.31756
client1,0.18,32,13.420493
client1,0.18,33,13.523427
client1,0.18,34,13.62636
client1,0.18,35,13.729293
client1,0.18,36,13.832226
client1,0.18,37,13.935159
client1,0.18,38,14.038093
client1,0.18,39,14.141026
client1,0.18,40,14.243959
client1,0.18,41,14.346892
client1,0.18,42,14.449825
client1,0.18,43,14.552759
client1,0.18,44,14.655692
client1,0.18,45,14.758625
client1,0.18,46,14.861558
client1,0.18,47,14.964491
client1,0.18,48,15.067425
client1,0.18,49,15.170358
client1,0.18,50,15.273291
client1,0.18,51,15.376224
client1,0.18,52,15.479157
client1,0.18,53,15.582091
client1,0.18,54,15.685024
client1,0.18,55,15.787957
client1,0.18,56,15.89089
client1,0.18,57,15.993823
client1,0.18,58,16.096757
client1,0.18,59,16.19969
client1,0.18,60,16.302623
client1,0.18,61,16.405556
client1,0.18,62,16.508489
client1,0.18,63,16.611423
client1,0.18,64,16.714356
client1,0.18,65,16.817289
client1,0.18,66,16.920222
client1,0.18,67,17.023155
client1,0.18,68,17.126089
client1,0.18,69,17.229022
client1,0.18,70,17.331955
client1,0.18,71,17.434888
client1,0.18,72,17.537821
client1,0.18,73,17.640755
client1,0.18,74,17.743688
client1,0.18,75,17.846621
client1,0.18,76,17.949554
client1,0.18,77,18.052487
client1,0.18,78,18.155421
client1,0.18,79,18.258354
client1,0.18,80,18.361287
client1,0.18,81,18.46422
client1,0.18,82,18.567153
client1,0.18,83,18.670087
client1,0.18,84,18.77302
client1,0.18,85,18.875953
client1,0.18,86,18.978886
client1,0.18,87,19.081819
client1,0.18,88,19.184753
client1,0.18,89,19.287686
client1,0.18,90,19.390619
client1,0.18,91,19.493552
client1,0.18,92,19.596485
client1,0.18,93,19.699419
client1,0.18,94,19.802352
client1,0.18,95,19.905285
client1,0.18,96,20.008218
client1,0.18,97,20.111151
client1,0.18,98,20.214085
client1,0.18,99,20.317018
client1,0.18,100,20.419951
client2,0.18,1,23.101233
client2,0.18,2,36.075834
client2,0.18,3,49.050436
client2,0.18,4,62.025038
client2,0.18,5,74.999639
client2,0.18,6,87.974241
client2,0.18,7,100.948843
client2,0.18,8,113.923444
client2,0.18,9,126.898046
client2,0.18,10,139.872648
client2,0.18,11,152.847249
client2,0.18,12,165.821851
client2,0.18,13,178.796453
client2,0.18,14,191.771054
client2,0.18,15,204.745656
client2,0.18,16,217.720258
client2,0.18,17,230.694859
client2,0.18,18,243.669461
client2,0.18,19,256.644063
client2,0.18,20,269.618664
client2,0.18,21,282.593266
client2,0.18,22,295.567868
client2,0.18,23,308.542469
client2,0.18,24,321.517071
client2,0.18,25,334.491673
client2,0.18,26,347.466274
client2,0.18,27,360.440876
client2,0.18,28,373.415478
client2,0.18,29,386.390079
client2,0.18,30,399.364681
client2,0.18,31,412.339283
client2,0.18,32,425.313884
client2,0.18,33,438.288486
client2,0.18,34,451.263088
client2,0.18,35,464.237689
client2,0.18,36,477.212291
client2,0.18,37,490.186893
client2,0.18,38,503.161494
client2,0.18,39,516.136096
client2,0.18,40,529.110698
client2,0.18,41,542.085299
client2,0.18,42,555.059901
client2,0.18,43,568.034503
client2,0.18,44,581.009104
client2,0.18,45,593.983706
client2,0.18,46,606.958308
client2,0.18,47,619.932909
client2,0.18,48,632.907511
client2,0.18,49,645.882113
client2,0.18,50,658.856714
client2,0.18,51,671.831316
client2,0.18,52,684.805917
client2,0.18,53,697.780519
client2,0.18,54,710.755121
client2,0.18,55,723.729722
client2,0.18,56,736.704324
client2,0.18,57,749.678926
client2,0.18,58,762.653527
client2,0.18,59,775.628129
client2,0.18,60,788.602731
client2,0.18,61,801.577332
client2,0.18,62,814.551934
client2,0.18,63,827.526536
client2,0.18,64,840.501137
client2,0.18,65,853.475739
client2,0.18,66,866.450341
client2,0.18,67,879.424942
client2,0.18,68,892.399544
client2,0.18,69,905.374146
client2,0.18,70,918.348747
client2,0.18,71,931.323349
client2,0.18,72,944.297951
client2,0.18,73,957.272552
client2,0.18,74,970.247154
client2,0.18,75,983.221756
client2,0.18,76,996.196357
client2,0.18,77,1009.170959
client2,0.18,78,1022.145561
client2,0.18,79,1035.120162
client2,0.18,80,1048.094764
client2,0.18,81,1061.069366
client2,0.18,82,1074.043967
client2,0.18,83,1087.018569
client2,0.18,84,1099.993171
client2,0.18,85,1112.967772
client2,0.18,86,1125.942374
client2,0.18,87,1138.916976
client2,0.18,88,1151.891577
client2,0.18,89,1164.866179
client2,0.18,90,1177.840781
client2,0.18,91,1190.815382
client2,0.18,92,1203.789984
client2,0.18,93,1216.764586
client2,0.18,94,1229.739187
client2,0.18,95,1242.713789
client2,0.18,96,1255.688391
client2,0.18,97,1268.662992
client2,0.18,98,1281.637594
client2,0.18,99,1294.612196
client2,0.18,100,1307.586797
client0,0.17,1,10.601137
client0,0.17,2,11.075642
client0,0.17,3,11.550148
client0,0.17,4,12.024653
client0,0.17,5,12.499159
client0,0.17,6,12.973664
client0,0.17,7,13.44817
client0,0.17,8,13.922676
client0,0.17,9,14.397181
client0,0.17,10,14.871687
client0,0.17,11,15.346192
client0,0.17,12,15.820698
client0,0.17,13,16.295203
client0,0.17,14,16.769709
client0,0.17,15,17.244214
client0,0.17,16,17.71872
client0,0.17,17,18.193226
client0,0.17,18,18.667731
client0,0.17,19,19.142237
client0,0.17,20,19.616742
client0,0.17,21,20.091248
client0,0.17,22,20.565753
client0,0.17,23,21.040259
client0,0.17,24,21.514765
client0,0.17,25,21.98927
client0,0.17,26,22.463776
client0,0.17,27,22.938281
client0,0.17,28,23.412787
client0,0.17,29,23.887292
client0,0.17,30,24.361798
client0,0.17,31,24.836303
client0,0.17,32,25.310809
client0,0.17,33,25.785315
client0,0.17,34,26.25982
client0,0.17,35,26.734326
client0,0.17,36,27.208831
client0,0.17,37,27.683337
client0,0.17,38,28.157842
client0,0.17,39,28.632348
client0,0.17,40,29.106853
client0,0.17,41,29.581359
client0,0.17,42,30.055865
client0,0.17,43,30.53037
client0,0.17,44,31.004876
client0,0.17,45,31.479381
client0,0.17,46,31.953887
client0,0.17,47,32.428392
client0,0.17,48,32.902898
client0,0.17,49,33.377404
client0,0.17,50,33.851909
client0,0.17,51,34.326415
client0,0.17,52,34.80092
client0,0.17,53,35.275426
client0,0.17,54,35.749931
client0,0.17,55,36.224437
client0,0.17,56,36.698942
client0,0.17,57,37.173448
client0,0.17,58,37.647954
client0,0.17,59,38.122459
client0,0.17,60,38.596965
client0,0.17,61,39.07147
client0,0.17,62,39.545976
client0,0.17,63,40.020481
client0,0.17,64,40.494987
client0,0.17,65,40.969492
client0,0.17,66,41.443998
client0,0.17,67,41.918504
client0,0.17,68,42.393009
client0,0.17,69,42.867515
client0,0.17,70,43.34202
client0,0.17,71,43.816526
client0,0.17,72,44.291031
client0,0.17,73,44.765537
client0,0.17,74,45.240043
client0,0.17,75,45.714548
client0,0.17,76,46.189054
client0,0.17,77,46.663559
client0,0.17,78,47.138065
client0,0.17,79,47.61257
client0,0.17,80,48.087076
client0,0.17,81,48.561581
client0,0.17,82,49.036087
client0,0.17,83,49.510593
client0,0.17,84,49.985098
client0,0.17,85,50.459604
client0,0.17,86,50.934109
client0,0.17,87,51.408615
client0,0.17,88,51.88312
client0,0.17,89,52.357626
client0,0.17,90,52.832131
client0,0.17,91,53.306637
client0,0.17,92,53.781143
client0,0.17,93,54.255648
client0,0.17,94,54.730154
client0,0.17,95,55.204659
client0,0.17,96,55.679165
client0,0.17,97,56.15367
client0,0.17,98,56.628176
client0,0.17,99,57.102682
client0,0.17,100,57.577187
client1,0.17,1,10.388756
client1,0.17,2,10.65088
client1,0.17,3,10.913005
client1,0.17,4,11.175129
client1,0.17,5,11.437254
client1,0.17,6,11.699378
client1,0.17,7,11.961503
client1,0.17,8,12.223627
client1,0.17,9,12.485752
client1,0.17,10,12.747876
client1,0.17,11,13.010001
client1,0.17,12,13.272125
client1,0.17,13,13.53425
client1,0.17,14,13.796374
client1,0.17,15,14.058499
client1,0.17,16,14.320623
client1,0.17,17,14.582748
client1,0.17,18,14.844872
client1,0.17,19,15.106997
client1,0.17,20,15.369121
client1,0.17,21,15.631246
client1,0.17,22,15.89337
client1,0.17,23,16.155495
client1,0.17,24,16.417619
client1,0.17,25,16.679744
client1,0.17,26,16.941868
client1,0.17,27,17.203993
client1,0.17,28,17.466117
client1,0.17,29,17.728242
client1,0.17,30,17.990366
client1,0.17,31,18.252491
client1,0.17,32,18.514615
client1,0.17,33,18.77674
client1,0.17,34,19.038864
client1,0.17,35,19.300989
client1,0.17,36,19.563113
client1,0.17,37,19.825238
client1,0.17,38,20.087363
client1,0.17,39,20.349487
client1,0.17,40,20.611612
client1,0.17,41,20.873736
client1,0.17,42,21.135861
client1,0.17,43,21.397985
client1,0.17,44,21.66011
client1,0.17,45,21.922234
client1,0.17,46,22.184359
client1,0.17,47,22.446483
client1,0.17,48,22.708608
client1,0.17,49,22.970732
client1,0.17,50,23.232857
client1,0.17,51,23.494981
client1,0.17,52,23.757106
client1,0.17,53,24.01923
client1,0.17,54,24.281355
client1,0.17,55,24.543479
client1,0.17,56,24.805604
client1,0.17,57,25.067728
client1,0.17,58,25.329853
client1,0.17,59,25.591977
client1,0.17,60,25.854102
client1,0.17,61,26.116226
client1,0.17,62,26.378351
client1,0.17,63,26.640475
client1,0.17,64,26.9026
client1,0.17,65,27.164724
client1,0.17,66,27.426849
client1,0.17,67,27.688973
client1,0.17,68,27.951098
client1,0.17,69,28.213222
client1,0.17,70,28.475347
client1,0.17,71,28.737471
client1,0.17,72,28.999596
client1,0.17,73,29.26172
client1,0.17,74,29.523845
client1,0.17,75,29.785969
client1,0.17,76,30.048094
client1,0.17,77,30.310218
client1,0.17,78,30.572343
client1,0.17,79,30.834467
client1,0.17,80,31.096592
client1,0.17,81,31.358716
client1,0.17,82,31.620841
client1,0.17,83,31.882965
client1,0.17,84,32.14509
client1,0.17,85,32.407215
client1,0.17,86,32.669339
client1,0.17,87,32.931464
client1,0.17,88,33.193588
client1,0.17,89,33.455713
client1,0.17,90,33.717837
client1,0.17,91,33.979962
client1,0.17,92,34.242086
client1,0.17,93,34.504211
client1,0.17,94,34.766335
client1,0.17,95,35.02846
client1,0.17,96,35.290584
client1,0.17,97,35.552709
client1,0.17,98,35.814833
client1,0.17,99,36.076958
client1,0.17,100,36.339082
client2,0.17,1,42.695358
client2,0.17,2,75.264084
client2,0.17,3,107.832811
client2,0.17,4,140.401537
client2,0.17,5,172.970264
client2,0.17,6,205.538991
client2,0.17,7,238.107717
client2,0.17,8,270.676444
client2,0.17,9,303.24517
client2,0.17,10,335.813897
client2,0.17,11,368.382623
client2,0.17,12,400.95135
client2,0.17,13,433.520077
client2,0.17,14,466.088803
client2,0.17,15,498.65753
client2,0.17,16,531.226256
client2,0.17,17,563.794983
client2,0.17,18,596.363709
client2,0.17,19,628.932436
client2,0.17,20,661.501163
client2,0.17,21,694.069889
client2,0.17,22,726.638616
client2,0.17,23,759.207342
client2,0.17,24,791.776069
client2,0.17,25,824.344795
client2,0.17,26,856.913522
client2,0.17,27,889.482249
client2,0.17,28,922.050975
client2,0.17,29,954.619702
client2,0.17,30,987.188428
client2,0.17,31,1019.757155
client2,0.17,32,1052.325881
client2,0.17,33,1084.894608
client2,0.17,34,1117.463335
client2,0.17,35,1150.032061
client2,0.17,36,1182.600788
client2,0.17,37,1215.169514
client2,0.17,38,1247.738241
client2,0.17,39,1280.306968
client2,0.17,40,1312.875694
client2,0.17,41,1345.444421
client2,0.17,42,1378.013147
client2,0.17,43,1410.581874
client2,0.17,44,1443.1506
client2,0.17,45,1475.719327
client2,0.17,46,1508.288054
client2,0.17,47,1540.85678
client2,0.17,48,1573.425507
client2,0.17,49,1605.994233
client2,0.17,50,1638.56296
client2,0.17,51,1671.131686
client2,0.17,52,1703.700413
client2,0.17,53,1736.26914
client2,0.17,54,1768.837866
client2,0.17,55,1801.406593
client2,0.17,56,1833.975319
client2,0.17,57,1866.544046
client2,0.17,58,1899.112772
client2,0.17,59,1931.681499
client2,0.17,60,1964.250226
client2,0.17,61,1996.818952
client2,0.17,62,2029.387679
client2,0.17,63,2061.956405
client2,0.17,64,2094.525132
client2,0.17,65,2127.093858
client2,0.17,66,2159.662585
client2,0.17,67,2192.231312
client2,0.17,68,2224.800038
client2,0.17,69,2257.368765
client2,0.17,70,2289.937491
client2,0.17,71,2322.506218
client2,0.17,72,2355.074944
client2,0.17,73,2387.643671
client2,0.17,74,2420.212398
client2,0.17,75,2452.781124
client2,0.17,76,2485.349851
client2,0.17,77,2517.918577
client2,0.17,78,2550.487304
client2,0.17,79,2583.05603
client2,0.17,80,2615.624757
client2,0.17,81,2648.193484
client2,0.17,82,2680.76221
client2,0.17,83,2713.330937
client2,0.17,84,2745.899663
client2,0.17,85,2778.46839
client2,0.17,86,2811.037117
client2,0.17,87,2843.605843
client2,0.17,88,2876.17457
client2,0.17,89,2908.743296
client2,0.17,90,2941.312023
client2,0.17,91,2973.880749
client2,0.17,92,3006.449476
client2,0.17,93,3039.018203
client2,0.17,94,3071.586929
client2,0.17,95,3104.155656
client2,0.17,96,3136.724382
client2,0.17,97,3169.293109
client2,0.17,98,3201.861835
client2,0.17,99,3234.430562
client2,0.17,100,3266.999289
client0,0.16,1,11.573977
client0,0.16,2,13.021323
client0,0.16,3,14.468669
client0,0.16,4,15.916015
client0,0.16,5,17.363361
client0,0.16,6,18.810708
client0,0.16,7,20.258054
client0,0.16,8,21.7054
client0,0.16,9,23.152746
client0,0.16,10,24.600092
client0,0.16,11,26.047438
client0,0.16,12,27.494784
client0,0.16,13,28.94213
client0,0.16,14,30.389476
client0,0.16,15,31.836822
client0,0.16,16,33.284168
client0,0.16,17,34.731514
client0,0.16,18,36.17886
client0,0.16,19,37.626206
client0,0.16,20,39.073552
client0,0.16,21,40.520899
client0,0.16,22,41.968245
client0,0.16,23,43.415591
client0,0.16,24,44.862937
client0,0.16,25,46.310283
client0,0.16,26,47.757629
client0,0.16,27,49.204975
client0,0.16,28,50.652321
client0,0.16,29,52.099667
client0,0.16,30,53.547013
client0,0.16,31,54.994359
client0,0.16,32,56.441705
client0,0.16,33,57.889051
client0,0.16,34,59.336397
client0,0.16,35,60.783743
client0,0.16,36,62.23109
client0,0.16,37,63.678436
client0,0.16,38,65.125782
client0,0.16,39,66.573128
client0,0.16,40,68.020474
client0,0.16,41,69.46782
client0,0.16,42,70.915166
client0,0.16,43,72.362512
client0,0.16,44,73.809858
client0,0.16,45,75.257204
client0,0.16,46,76.70455
client0,0.16,47,78.151896
client0,0.16,48,79.599242
client0,0.16,49,81.046588
client0,0.16,50,82.493934
client0,0.16,51,83.941281
client0,0.16,52,85.388627
client0,0.16,53,86.835973
client0,0.16,54,88.283319
client0,0.16,55,89.730665
client0,0.16,56,91.178011
client0,0.16,57,92.625357
client0,0.16,58,94.072703
client0,0.16,59,95.520049
client0,0.16,60,96.967395
client0,0.16,61,98.414741
client0,0.16,62,99.862087
client0,0.16,63,101.309433
client0,0.16,64,102.756779
client0,0.16,65,104.204126
client0,0.16,66,105.651472
client0,0.16,67,107.098818
client0,0.16,68,108.546164
client0,0.16,69,109.99351
client0,0.16,70,111.440856
client0,0.16,71,112.888202
client0,0.16,72,114.335548
client0,0.16,73,115.782894
client0,0.16,74,117.23024
client0,0.16,75,118.677586
client0,0.16,76,120.124932
client0,0.16,77,121.572278
client0,0.16,78,123.019624
client0,0.16,79,124.46697
client0,0.16,80,125.914317
client0,0.16,81,127.361663
client0,0.16,82,128.809009
client0,0.16,83,130.256355
client0,0.16,84,131.703701
client0,0.16,85,133.151047
client0,0.16,86,134.598393
client0,0.16,87,136.045739
client0,0.16,88,137.493085
client0,0.16,89,138.940431
client0,0.16,90,140.387777
client0,0.16,91,141.835123
client0,0.16,92,143.282469
client0,0.16,93,144.729815
client0,0.16,94,146.177161
client0,0.16,95,147.624508
client0,0.16,96,149.071854
client0,0.16,97,150.5192
client0,0.16,98,151.966546
client0,0.16,99,153.413892
client0,0.16,100,154.861238
client1,0.16,1,10.926174
client1,0.16,2,11.725717
client1,0.16,3,12.52526
client1,0.16,4,13.324803
client1,0.16,5,14.124346
client1,0.16,6,14.923888
client1,0.16,7,15.723431
client1,0.16,8,16.522974
client1,0.16,9,17.322517
client1,0.16,10,18.12206
client1,0.16,11,18.921603
client1,0.16,12,19.721146
client1,0.16,13,20.520689
client1,0.16,14,21.320231
client1,0.16,15,22.119774
client1,0.16,16,22.919317
client1,0.16,17,23.71886
client1,0.16,18,24.518403
client1,0.16,19,25.317946
client1,0.16,20,26.117489
client1,0.16,21,26.917032
client1,0.16,22,27.716575
client1,0.16,23,28.516117
client1,0.16,24,29.31566
client1,0.16,25,30.115203
client1,0.16,26,30.914746
client1,0.16,27,31.714289
client1,0.16,28,32.513832
client1,0.16,29,33.313375
client1,0.16,30,34.112918
client1,0.16,31,34.91246
client1,0.16,32,35.712003
client1,0.16,33,36.511546
client1,0.16,34,37.311089
client1,0.16,35,38.110632
client1,0.16,36,38.910175
client1,0.16,37,39.709718
client1,0.16,38,40.509261
client1,0.16,39,41.308804
client1,0.16,40,42.108346
client1,0.16,41,42.907889
client1,0.16,42,43.707432
client1,0.16,43,44.506975
client1,0.16,44,45.306518
client1,0.16,45,46.106061
client1,0.16,46,46.905604
client1,0.16,47,47.705147
client1,0.16,48,48.504689
client1,0.16,49,49.304232
client1,0.16,50,50.103775
client1,0.16,51,50.903318
client1,0.16,52,51.702861
client1,0.16,53,52.502404
client1,0.16,54,53.301947
client1,0.16,55,54.10149
client1,0.16,56,54.901033
client1,0.16,57,55.700575
client1,0.16,58,56.500118
client1,0.16,59,57.299661
client1,0.16,60,58.099204
client1,0.16,61,58.898747
client1,0.16,62,59.69829
client1,0.16,63,60.497833
client1,0.16,64,61.297376
client1,0.16,65,62.096918
client1,0.16,66,62.896461
client1,0.16,67,63.696004
client1,0.16,68,64.495547
client1,0.16,69,65.29509
client1,0.16,70,66.094633
client1,0.16,71,66.894176
client1,0.16,72,67.693719
client1,0.16,73,68.493262
client1,0.16,74,69.292804
client1,0.16,75,70.092347
client1,0.16,76,70.89189
client1,0.16,77,71.691433
client1,0.16,78,72.490976
client1,0.16,79,73.290519
client1,0.16,80,74.090062
client1,0.16,81,74.889605
client1,0.16,82,75.689147
client1,0.16,83,76.48869
client1,0.16,84,77.288233
client1,0.16,85,78.087776
client1,0.16,86,78.887319
client1,0.16,87,79.686862
client1,0.16,88,80.486405
client1,0.16,89,81.285948
client1,0.16,90,82.085491
client1,0.16,91,82.885033
client1,0.16,92,83.684576
client1,0.16,93,84.484119
client1,0.16,94,85.283662
client1,0.16,95,86.083205
client1,0.16,96,86.882748
client1,0.16,97,87.682291
client1,0.16,98,88.481834
client1,0.16,99,89.281376
client1,0.16,100,90.080919
client2,0.16,1,104.986738
client2,0.16,2,199.846846
client2,0.16,3,294.706953
client2,0.16,4,389.56706
client2,0.16,5,484.427168
client2,0.16,6,579.287275
client2,0.16,7,674.147383
client2,0.16,8,769.00749
client2,0.16,9,863.867597
client2,0.16,10,958.727705
client2,0.16,11,1053.587812
client2,0.16,12,1148.447919
client2,0.16,13,1243.308027
client2,0.16,14,1338.168134
client2,0.16,15,1433.028241
client2,0.16,16,1527.888349
client2,0.16,17,1622.748456
client2,0.16,18,1717.608563
client2,0.16,19,1812.468671
client2,0.16,20,1907.328778
client2,0.16,21,2002.188885
client2,0.16,22,2097.048993
client2,0.16,23,2191.9091
client2,0.16,24,2286.769207
client2,0.16,25,2381.629315
client2,0.16,26,2476.489422
client2,0.16,27,2571.349529
client2,0.16,28,2666.209637
client2,0.16,29,2761.069744
client2,0.16,30,2855.929852
client2,0.16,31,2950.789959
client2,0.16,32,3045.650066
client2,0.16,33,3140.510174
client2,0.16,34,3235.370281
client2,0.16,35,3330.230388
client2,0.16,36,3425.090496
client2,0.16,37,3519.950603
client2,0.16,38,3614.81071
client2,0.16,39,3709.670818
client2,0.16,40,3804.530925
client2,0.16,41,3899.391032
client2,0.16,42,3994.25114
client2,0.16,43,4089.111247
client2,0.16,44,4183.971354
client2,0.16,45,4278.831462
client2,0.16,46,4373.691569
client2,0.16,47,4468.551676
client2,0.16,48,4563.411784
client2,0.16,49,4658.271891
client2,0.16,50,4753.131998
client2,0.16,51,4847.992106
client2,0.16,52,4942.852213
client2,0.16,53,5037.712321
client2,0.16,54,5132.572428
client2,0.16,55,5227.432535
client2,0.16,56,5322.292643
client2,0.16,57,5417.15275
client2,0.16,58,5512.012857
client2,0.16,59,5606.872965
client2,0.16,60,5701.733072
client2,0.16,61,5796.593179
client2,0.16,62,5891.453287
client2,0.16,63,5986.313394
client2,0.16,64,6081.173501
client2,0.16,65,6176.033609
client2,0.16,66,6270.893716
client2,0.16,67,6365.753823
client2,0.16,68,6460.613931
client2,0.16,69,6555.474038
client2,0.16,70,6650.334145
client2,0.16,71,6745.194253
client2,0.16,72,6840.05436
client2,0.16,73,6934.914467
client2,0.16,74,7029.774575
client2,0.16,75,7124.634682
client2,0.16,76,7219.494789
client2,0.16,77,7314.354897
client2,0.16,78,7409.215004
client2,0.16,79,7504.075112
client2,0.16,80,7598.935219
client2,0.16,81,7693.795326
client2,0.16,82,7788.655434
client2,0.16,83,7883.515541
client2,0.16,84,7978.375648
client2,0.16,85,8073.235756
client2,0.16,86,8168.095863
client2,0.16,87,8262.95597
client2,0.16,88,8357.816078
client2,0.16,89,8452.676185
client2,0.16,90,8547.536292
client2,0.16,91,8642.3964
client2,0.16,92,8737.256507
client2,0.16,93,8832.116614
client2,0.16,94,8926.976722
client2,0.16,95,9021.836829
client2,0.16,96,9116.696936
client2,0.16,97,9211.557044
client2,0.16,98,9306.417151
client2,0.16,99,9401.277258
client2,0.16,100,9496.137366
client0,0.15,1,15.684515
client0,0.15,2,21.242399
client0,0.15,3,26.800283
client0,0.15,4,32.358167
client0,0.15,5,37.916051
client0,0.15,6,43.473935
client0,0.15,7,49.031819
client0,0.15,8,54.589703
client0,0.15,9,60.147587
client0,0.15,10,65.705471
client0,0.15,11,71.263355
client0,0.15,12,76.821239
client0,0.15,13,82.379123
client0,0.15,14,87.937007
client0,0.15,15,93.494891
client0,0.15,16,99.052775
client0,0.15,17,104.610659
client0,0.15,18,110.168543
client0,0.15,19,115.726426
client0,0.15,20,121.28431
client0,0.15,21,126.842194
client0,0.15,22,132.400078
client0,0.15,23,137.957962
client0,0.15,24,143.515846
client0,0.15,25,149.07373
client0,0.15,26,154.631614
client0,0.15,27,160.189498
client0,0.15,28,165.747382
client0,0.15,29,171.305266
client0,0.15,30,176.86315
client0,0.15,31,182.421034
client0,0.15,32,187.978918
client0,0.15,33,193.536802
client0,0.15,34,199.094686
client0,0.15,35,204.65257
client0,0.15,36,210.210454
client0,0.15,37,215.768338
client0,0.15,38,221.326222
client0,0.15,39,226.884106
client0,0.15,40,232.44199
client0,0.15,41,237.999874
client0,0.15,42,243.557758
client0,0.15,43,249.115642
client0,0.15,44,254.673526
client0,0.15,45,260.23141
client0,0.15,46,265.789294
client0,0.15,47,271.347178
client0,0.15,48,276.905062
client0,0.15,49,282.462945
client0,0.15,50,288.020829
client0,0.15,51,293.578713
client0,0.15,52,299.136597
client0,0.15,53,304.694481
client0,0.15,54,310.252365
client0,0.15,55,315.810249
client0,0.15,56,321.368133
client0,0.15,57,326.926017
client0,0.15,58,332.483901
client0,0.15,59,338.041785
client0,0.15,60,343.599669
client0,0.15,61,349.157553
client0,0.15,62,354.715437
client0,0.15,63,360.273321
client0,0.15,64,365.831205
client0,0.15,65,371.389089
client0,0.15,66,376.946973
client0,0.15,67,382.504857
client0,0.15,68,388.062741
client0,0.15,69,393.620625
client0,0.15,70,399.178509
client0,0.15,71,404.736393
client0,0.15,72,410.294277
client0,0.15,73,415.852161
client0,0.15,74,421.410045
client0,0.15,75,426.967929
client0,0.15,76,432.525813
client0,0.15,77,438.083697
client0,0.15,78,443.641581
client0,0.15,79,449.199464
client0,0.15,80,454.757348
client0,0.15,81,460.315232
client0,0.15,82,465.873116
client0,0.15,83,471.431
client0,0.15,84,476.988884
client0,0.15,85,482.546768
client0,0.15,86,488.104652
client0,0.15,87,493.662536
client0,0.15,88,499.22042
client0,0.15,89,504.778304
client0,0.15,90,510.336188
client0,0.15,91,515.894072
client0,0.15,92,521.451956
client0,0.15,93,527.00984
client0,0.15,94,532.567724
client0,0.15,95,538.125608
client0,0.15,96,543.683492
client0,0.15,97,549.241376
client0,0.15,98,554.79926
client0,0.15,99,560.357144
client0,0.15,100,565.915028
client1,0.15,1,13.197008
client1,0.15,2,16.267386
client1,0.15,3,19.337763
client1,0.15,4,22.40814
client1,0.15,5,25.478517
client1,0.15,6,28.548894
client1,0.15,7,31.619272
client1,0.15,8,34.689649
client1,0.15,9,37.760026
client1,0.15,10,40.830403
client1,0.15,11,43.90078
client1,0.15,12,46.971158
client1,0.15,13,50.041535
client1,0.15,14,53.111912
client1,0.15,15,56.182289
client1,0.15,16,59.252666
client1,0.15,17,62.323044
client1,0.15,18,65.393421
client1,0.15,19,68.463798
client1,0.15,20,71.534175
client1,0.15,21,74.604552
client1,0.15,22,77.67493
client1,0.15,23,80.745307
client1,0.15,24,83.815684
client1,0.15,25,86.886061
client1,0.15,26,89.956438
client1,0.15,27,93.026816
client1,0.15,28,96.097193
client1,0.15,29,99.16757
client1,0.15,30,102.237947
client1,0.15,31,105.308324
client1,0.15,32,108.378702
client1,0.15,33,111.449079
client1,0.15,34,114.519456
client1,0.15,35,117.589833
client1,0.15,36,120.66021
client1,0.15,37,123.730588
client1,0.15,38,126.800965
client1,0.15,39,129.871342
client1,0.15,40,132.941719
client1,0.15,41,136.012096
client1,0.15,42,139.082474
client1,0.15,43,142.152851
client1,0.15,44,145.223228
client1,0.15,45,148.293605
client1,0.15,46,151.363982
client1,0.15,47,154.43436
client1,0.15,48,157.504737
client1,0.15,49,160.575114
client1,0.15,50,163.645491
client1,0.15,51,166.715868
client1,0.15,52,169.786246
client1,0.15,53,172.856623
client1,0.15,54,175.927
client1,0.15,55,178.997377
client1,0.15,56,182.067754
client1,0.15,57,185.138132
client1,0.15,58,188.208509
client1,0.15,59,191.278886
client1,0.15,60,194.349263
client1,0.15,61,197.41964
client1,0.15,62,200.490018
client1,0.15,63,203.560395
client1,0.15,64,206.630772
client1,0.15,65,209.701149
client1,0.15,66,212.771526
client1,0.15,67,215.841904
client1,0.15,68,218.912281
client1,0.15,69,221.982658
client1,0.15,70,225.053035
client1,0.15,71,228.123412
client1,0.15,72,231.19379
client1,0.15,73,234.264167
client1,0.15,74,237.334544
client1,0.15,75,240.404921
client1,0.15,76,243.475298
client1,0.15,77,246.545676
client1,0.15,78,249.616053
client1,0.15,79,252.68643
client1,0.15,80,255.756807
client1,0.15,81,258.827184
client1,0.15,82,261.897562
client1,0.15,83,264.967939
client1,0.15,84,268.038316
client1,0.15,85,271.108693
client1,0.15,86,274.17907
client1,0.15,87,277.249448
client1,0.15,88,280.319825
client1,0.15,89,283.390202
client1,0.15,90,286.460579
client1,0.15,91,289.530956
client1,0.15,92,292.601334
client1,0.15,93,295.671711
client1,0.15,94,298.742088
client1,0.15,95,301.812465
client1,0.15,96,304.882842
client1,0.15,97,307.95322
client1,0.15,98,311.023597
client1,0.15,99,314.093974
client1,0.15,100,317.164351
client2,0.15,1,319.280531
client2,0.15,2,628.434431
client2,0.15,3,937.588331
client2,0.15,4,1246.742231
client2,0.15,5,1555.896131
client2,0.15,6,1865.050031
client2,0.15,7,2174.203931
client2,0.15,8,2483.357831
client2,0.15,9,2792.511731
client2,0.15,10,3101.665631
client2,0.15,11,3410.819531
client2,0.15,12,3719.973431
client2,0.15,13,4029.127331
client2,0.15,14,4338.281231
client2,0.15,15,4647.43513
client2,0.15,16,4956.58903
client2,0.15,17,5265.74293
client2,0.15,18,5574.89683
client2,0.15,19,5884.05073
client2,0.15,20,6193.20463
client2,0.15,21,6502.35853
client2,0.15,22,6811.51243
client2,0.15,23,7120.66633
client2,0.15,24,7429.82023
client2,0.15,25,7738.97413
client2,0.15,26,8048.12803
client2,0.15,27,8357.28193
client2,0.15,28,8666.43583
client2,0.15,29,8975.58973
client2,0.15,30,9284.74363
client2,0.15,31,9593.89753
client2,0.15,32,9903.05143
client2,0.15,33,10212.20533
client2,0.15,34,10521.35923
client2,0.15,35,10830.51313
client2,0.15,36,11139.66703
client2,0.15,37,11448.82093
client2,0.15,38,11757.97483
client2,0.15,39,12067.128729
client2,0.15,40,12376.282629
client2,0.15,41,12685.436529
client2,0.15,42,12994.590429
client2,0.15,43,13303.744329
client2,0.15,44,13612.898229
client2,0.15,45,13922.052129
client2,0.15,46,14231.206029
client2,0.15,47,14540.359929
client2,0.15,48,14849.513829
client2,0.15,49,15158.667729
client2,0.15,50,15467.821629
client2,0.15,51,15776.975529
client2,0.15,52,16086.129429
client2,0.15,53,16395.283329
client2,0.15,54,16704.437229
client2,0.15,55,17013.591129
client2,0.15,56,17322.745029
client2,0.15,57,17631.898929
client2,0.15,58,17941.052829
client2,0.15,59,18250.206729
client2,0.15,60,18559.360629
client2,0.15,61,18868.514529
client2,0.15,62,19177.668429
client2,0.15,63,19486.822328
client2,0.15,64,19795.976228
client2,0.15,65,20105.130128
client2,0.15,66,20414.284028
client2,0.15,67,20723.437928
client2,0.15,68,21032.591828
client2,0.15,69,21341.745728
client2,0.15,70,21650.899628
client2,0.15,71,21960.053528
client2,0.15,72,22269.207428
client2,0.15,73,22578.361328
client2,0.15,74,22887.515228
client2,0.15,75,23196.669128
client2,0.15,76,23505.823028
client2,0.15,77,23814.976928
client2,0.15,78,24124.130828
client2,0.15,79,24433.284728
client2,0.15,80,24742.438628
client2,0.15,81,25051.592528
client2,0.15,82,25360.746428
client2,0.15,83,25669.900328
client2,0.15,84,25979.054228
client2,0.15,85,26288.208128
client2,0.15,86,26597.362028
client2,0.15,87,26906.515927
client2,0.15,88,27215.669827
client2,0.15,89,27524.823727
client2,0.15,90,27833.977627
client2,0.15,91,28143.131527
client2,0.15,92,28452.285427
client2,0.15,93,28761.439327
client2,0.15,94,29070.593227
client2,0.15,95,29379.747127
client2,0.15,96,29688.901027
client2,0.15,97,29998.054927
client2,0.15,98,30307.208827
client2,0.15,99,30616.362727
client2,0.15,100,30925.516627
client0,0.14,1,38.886457
client0,0.14,2,67.646284
client0,0.14,3,96.40611
client0,0.14,4,125.165936
client0,0.14,5,153.925763
client0,0.14,6,182.685589
client0,0.14,7,211.445415
client0,0.14,8,240.205242
client0,0.14,9,268.965068
client0,0.14,10,297.724894
client0,0.14,11,326.484721
client0,0.14,12,355.244547
client0,0.14,13,384.004373
client0,0.14,14,412.764199
client0,0.14,15,441.524026
client0,0.14,16,470.283852
client0,0.14,17,499.043678
client0,0.14,18,527.803505
client0,0.14,19,556.563331
client0,0.14,20,585.323157
client0,0.14,21,614.082984
client0,0.14,22,642.84281
client0,0.14,23,671.602636
client0,0.14,24,700.362463
client0,0.14,25,729.122289
client0,0.14,26,757.882115
client0,0.14,27,786.641942
client0,0.14,28,815.401768
client0,0.14,29,844.161594
client0,0.14,30,872.92142
client0,0.14,31,901.681247
client0,0.14,32,930.441073
client0,0.14,33,959.200899
client0,0.14,34,987.960726
client0,0.14,35,1016.720552
client0,0.14,36,1045.480378
client0,0.14,37,1074.240205
client0,0.14,38,1103.000031
client0,0.14,39,1131.759857
client0,0.14,40,1160.519684
client0,0.14,41,1189.27951
client0,0.14,42,1218.039336
client0,0.14,43,1246.799163
client0,0.14,44,1275.558989
client0,0.14,45,1304.318815
client0,0.14,46,1333.078641
client0,0.14,47,1361.838468
client0,0.14,48,1390.598294
client0,0.14,49,1419.35812
client0,0.14,50,1448.117947
client0,0.14,51,1476.877773
client0,0.14,52,1505.637599
client0,0.14,53,1534.397426
client0,0.14,54,1563.157252
client0,0.14,55,1591.917078
client0,0.14,56,1620.676905
client0,0.14,57,1649.436731
client0,0.14,58,1678.196557
client0,0.14,59,1706.956384
client0,0.14,60,1735.71621
client0,0.14,61,1764.476036
client0,0.14,62,1793.235862
client0,0.14,63,1821.995689
client0,0.14,64,1850.755515
client0,0.14,65,1879.515341
client0,0.14,66,1908.275168
client0,0.14,67,1937.034994
client0,0.14,68,1965.79482
client0,0.14,69,1994.554647
client0,0.14,70,2023.314473
client0,0.14,71,2052.074299
client0,0.14,72,2080.834126
client0,0.14,73,2109.593952
client0,0.14,74,2138.353778
client0,0.14,75,2167.113604
client0,0.14,76,2195.873431
client0,0.14,77,2224.633257
client0,0.14,78,2253.393083
client0,0.14,79,2282.15291
client0,0.14,80,2310.912736
client0,0.14,81,2339.672562
client0,0.14,82,2368.432389
client0,0.14,83,2397.192215
client0,0.14,84,2425.952041
client0,0.14,85,2454.711868
client0,0.14,86,2483.471694
client0,0.14,87,2512.23152
client0,0.14,88,2540.991347
client0,0.14,89,2569.751173
client0,0.14,90,2598.510999
client0,0.14,91,2627.270825
client0,0.14,92,2656.030652
client0,0.14,93,2684.790478
client0,0.14,94,2713.550304
client0,0.14,95,2742.310131
client0,0.14,96,2771.069957
client0,0.14,97,2799.829783
client0,0.14,98,2828.58961
client0,0.14,99,2857.349436
client0,0.14,100,2886.109262
client1,0.14,1,26.017265
client1,0.14,2,41.907899
client1,0.14,3,57.798533
client1,0.14,4,73.689166
client1,0.14,5,89.5798
client1,0.14,6,105.470434
client1,0.14,7,121.361068
client1,0.14,8,137.251702
client1,0.14,9,153.142335
client1,0.14,10,169.032969
client1,0.14,11,184.923603
client1,0.14,12,200.814237
client1,0.14,13,216.704871
client1,0.14,14,232.595505
client1,0.14,15,248.486138
client1,0.14,16,264.376772
client1,0.14,17,280.267406
client1,0.14,18,296.15804
client1,0.14,19,312.048674
client1,0.14,20,327.939308
client1,0.14,21,343.829941
client1,0.14,22,359.720575
client1,0.14,23,375.611209
client1,0.14,24,391.501843
client1,0.14,25,407.392477
client1,0.14,26,423.28311
client1,0.14,27,439.173744
client1,0.14,28,455.064378
client1,0.14,29,470.955012
client1,0.14,30,486.845646
client1,0.14,31,502.73628
client1,0.14,32,518.626913
client1,0.14,33,534.517547
client1,0.14,34,550.408181
client1,0.14,35,566.298815
client1,0.14,36,582.189449
client1,0.14,37,598.080082
client1,0.14,38,613.970716
client1,0.14,39,629.86135
client1,0.14,40,645.751984
client1,0.14,41,661.642618
client1,0.14,42,677.533252
client1,0.14,43,693.423885
client1,0.14,44,709.314519
client1,0.14,45,725.205153
client1,0.14,46,741.095787
client1,0.14,47,756.986421
client1,0.14,48,772.877054
client1,0.14,49,788.767688
client1,0.14,50,804.658322
client1,0.14,51,820.548956
client1,0.14,52,836.43959
client1,0.14,53,852.330224
client1,0.14,54,868.220857
client1,0.14,55,884.111491
client1,0.14,56,900.002125
client1,0.14,57,915.892759
client1,0.14,58,931.783393
client1,0.14,59,947.674026
client1,0.14,60,963.56466
client1,0.14,61,979.455294
client1,0.14,62,995.345928
client1,0.14,63,1011.236562
client1,0.14,64,1027.127196
client1,0.14,65,1043.017829
client1,0.14,66,1058.908463
client1,0.14,67,1074.799097
client1,0.14,68,1090.689731
client1,0.14,69,1106.580365
client1,0.14,70,1122.470999
client1,0.14,71,1138.361632
client1,0.14,72,1154.252266
client1,0.14,73,1170.1429
client1,0.14,74,1186.033534
client1,0.14,75,1201.924168
client1,0.14,76,1217.814801
client1,0.14,77,1233.705435
client1,0.14,78,1249.596069
client1,0.14,79,1265.486703
client1,0.14,80,1281.377337
client1,0.14,81,1297.267971
client1,0.14,82,1313.158604
client1,0.14,83,1329.049238
client1,0.14,84,1344.939872
client1,0.14,85,1360.830506
client1,0.14,86,1376.72114
client1,0.14,87,1392.611773
client1,0.14,88,1408.502407
client1,0.14,89,1424.393041
client1,0.14,90,1440.283675
client1,0.14,91,1456.174309
client1,0.14,92,1472.064943
client1,0.14,93,1487.955576
client1,0.14,94,1503.84621
client1,0.14,95,1519.736844
client1,0.14,96,1535.627478
client1,0.14,97,1551.518112
client1,0.14,98,1567.408745
client1,0.14,99,1583.299379
client1,0.14,100,1599.190013
client2,0.14,1,951.505867
client2,0.14,2,1892.885104
client2,0.14,3,2834.26434
client2,0.14,4,3775.643576
client2,0.14,5,4717.022812
client2,0.14,6,5658.402049
client2,0.14,7,6599.781285
client2,0.14,8,7541.160521
client2,0.14,9,8482.539757
client2,0.14,10,9423.918993
client2,0.14,11,10365.29823
client2,0.14,12,11306.677466
client2,0.14,13,12248.056702
client2,0.14,14,13189.435938
client2,0.14,15,14130.815175
client2,0.14,16,15072.194411
client2,0.14,17,16013.573647
client2,0.14,18,16954.952883
client2,0.14,19,17896.33212
client2,0.14,20,18837.711356
client2,0.14,21,19779.090592
client2,0.14,22,20720.469828
client2,0.14,23,21661.849064
client2,0.14,24,22603.228301
client2,0.14,25,23544.607537
client2,0.14,26,24485.986773
client2,0.14,27,25427.366009
client2,0.14,28,26368.745246
client2,0.14,29,27310.124482
client2,0.14,30,28251.503718
client2,0.14,31,29192.882954
client2,0.14,32,30134.262191
client2,0.14,33,31075.641427
client2,0.14,34,32017.020663
client2,0.14,35,32958.399899
client2,0.14,36,33899.779136
client2,0.14,37,34841.158372
client2,0.14,38,35782.537608
client2,0.14,39,36723.916844
client2,0.14,40,37665.29608
client2,0.14,41,38606.675317
client2,0.14,42,39548.054553
client2,0.14,43,40489.433789
client2,0.14,44,41430.813025
client2,0.14,45,42372.192262
client2,0.14,46,43313.571498
client2,0.14,47,44254.950734
client2,0.14,48,45196.32997
client2,0.14,49,46137.709207
client2,0.14,50,47079.088443
client2,0.14,51,48020.467679
client2,0.14,52,48961.846915
client2,0.14,53,49903.226152
client2,0.14,54,50844.605388
client2,0.14,55,51785.984624
client2,0.14,56,52727.36386
client2,0.14,57,53668.743096
client2,0.14,58,54610.122333
client2,0.14,59,55551.501569
client2,0.14,60,56492.880805
client2,0.14,61,57434.260041
client2,0.14,62,58375.639278
client2,0.14,63,59317.018514
client2,0.14,64,60258.39775
client2,0.14,65,61199.776986
client2,0.14,66,62141.156223
client2,0.14,67,63082.535459
client2,0.14,68,64023.914695
client2,0.14,69,64965.293931
client2,0.14,70,65906.673168
client2,0.14,71,66848.052404
client2,0.14,72,67789.43164
client2,0.14,73,68730.810876
client2,0.14,74,69672.190112
client2,0.14,75,70613.569349
client2,0.14,76,71554.948585
client2,0.14,77,72496.327821
client2,0.14,78,73437.707057
client2,0.14,79,74379.086294
client2,0.14,80,75320.46553
client2,0.14,81,76261.844766
client2,0.14,82,77203.224002
client2,0.14,83,78144.603239
client2,0.14,84,79085.982475
client2,0.14,85,80027.361711
client2,0.14,86,80968.740947
client2,0.14,87,81910.120184
client2,0.14,88,82851.49942
client2,0.14,89,83792.878656
client2,0.14,90,84734.257892
client2,0.14,91,85675.637128
client2,0.14,92,86617.016365
client2,0.14,93,87558.395601
client2,0.14,94,88499.774837
client2,0.14,95,89441.154073
client2,0.14,96,90382.53331
client2,0.14,97,91323.912546
client2,0.14,98,92265.291782
client2,0.14,99,93206.671018
client2,0.14,100,94148.050255
client0,0.13,1,230.382515
client0,0.13,2,450.638399
client0,0.13,3,670.894283
client0,0.13,4,891.150167
client0,0.13,5,1111.40605
client0,0.13,6,1331.661934
client0,0.13,7,1551.917818
client0,0.13,8,1772.173702
client0,0.13,9,1992.429586
client0,0.13,10,2212.68547
client0,0.13,11,2432.941354
client0,0.13,12,2653.197237
client0,0.13,13,2873.453121
client0,0.13,14,3093.709005
client0,0.13,15,3313.964889
client0,0.13,16,3534.220773
client0,0.13,17,3754.476657
client0,0.13,18,3974.732541
client0,0.13,19,4194.988424
client0,0.13,20,4415.244308
client0,0.13,21,4635.500192
client0,0.13,22,4855.756076
client0,0.13,23,5076.01196
client0,0.13,24,5296.267844
client0,0.13,25,5516.523728
client0,0.13,26,5736.779611
client0,0.13,27,5957.035495
client0,0.13,28,6177.291379
client0,0.13,29,6397.547263
client0,0.13,30,6617.803147
client0,0.13,31,6838.059031
client0,0.13,32,7058.314915
client0,0.13,33,7278.570798
client0,0.13,34,7498.826682
client0,0.13,35,7719.082566
client0,0.13,36,7939.33845
client0,0.13,37,8159.594334
client0,0.13,38,8379.850218
client0,0.13,39,8600.106102
client0,0.13,40,8820.361985
client0,0.13,41,9040.617869
client0,0.13,42,9260.873753
client0,0.13,43,9481.129637
client0,0.13,44,9701.385521
client0,0.13,45,9921.641405
client0,0.13,46,10141.897289
client0,0.13,47,10362.153172
client0,0.13,48,10582.409056
client0,0.13,49,10802.66494
client0,0.13,50,11022.920824
client0,0.13,51,11243.176708
client0,0.13,52,11463.432592
client0,0.13,53,11683.688476
client0,0.13,54,11903.944359
client0,0.13,55,12124.200243
client0,0.13,56,12344.456127
client0,0.13,57,12564.712011
client0,0.13,58,12784.967895
client0,0.13,59,13005.223779
client0,0.13,60,13225.479663
client0,0.13,61,13445.735546
client0,0.13,62,13665.99143
client0,0.13,63,13886.247314
client0,0.13,64,14106.503198
client0,0.13,65,14326.759082
client0,0.13,66,14547.014966
client0,0.13,67,14767.27085
client0,0.13,68,14987.526733
client0,0.13,69,15207.782617
client0,0.13,70,15428.038501
client0,0.13,71,15648.294385
client0,0.13,72,15868.550269
client0,0.13,73,16088.806153
client0,0.13,74,16309.062037
client0,0.13,75,16529.317921
client0,0.13,76,16749.573804
client0,0.13,77,16969.829688
client0,0.13,78,17190.085572
client0,0.13,79,17410.341456
client0,0.13,80,17630.59734
client0,0.13,81,17850.853224
client0,0.13,82,18071.109108
client0,0.13,83,18291.364991
client0,0.13,84,18511.620875
client0,0.13,85,18731.876759
client0,0.13,86,18952.132643
client0,0.13,87,19172.388527
client0,0.13,88,19392.644411
client0,0.13,89,19612.900295
client0,0.13,90,19833.156178
client0,0.13,91,20053.412062
client0,0.13,92,20273.667946
client0,0.13,93,20493.92383
client0,0.13,94,20714.179714
client0,0.13,95,20934.435598
client0,0.13,96,21154.691482
client0,0.13,97,21374.947365
client0,0.13,98,21595.203249
client0,0.13,99,21815.459133
client0,0.13,100,22035.715017
client1,0.13,1,131.992594
client1,0.13,2,253.858556
client1,0.13,3,375.724519
client1,0.13,4,497.590481
client1,0.13,5,619.456444
client1,0.13,6,741.322406
client1,0.13,7,863.188369
client1,0.13,8,985.054331
client1,0.13,9,1106.920294
client1,0.13,10,1228.786256
client1,0.13,11,1350.652219
client1,0.13,12,1472.518181
client1,0.13,13,1594.384144
client1,0.13,14,1716.250106
client1,0.13,15,1838.116069
client1,0.13,16,1959.982031
client1,0.13,17,2081.847994
client1,0.13,18,2203.713956
client1,0.13,19,2325.579919
client1,0.13,20,2447.445881
client1,0.13,21,2569.311844
client1,0.13,22,2691.177806
client1,0.13,23,2813.043769
client1,0.13,24,2934.909731
client1,0.13,25,3056.775694
client1,0.13,26,3178.641656
client1,0.13,27,3300.507618
client1,0.13,28,3422.373581
client1,0.13,29,3544.239543
client1,0.13,30,3666.105506
client1,0.13,31,3787.971468
client1,0.13,32,3909.837431
client1,0.13,33,4031.703393
client1,0.13,34,4153.569356
client1,0.13,35,4275.435318
client1,0.13,36,4397.301281
client1,0.13,37,4519.167243
client1,0.13,38,4641.033206
client1,0.13,39,4762.899168
client1,0.13,40,4884.765131
client1,0.13,41,5006.631093
client1,0.13,42,5128.497056
client1,0.13,43,5250.363018
client1,0.13,44,5372.228981
client1,0.13,45,5494.094943
client1,0.13,46,5615.960906
client1,0.13,47,5737.826868
client1,0.13,48,5859.692831
client1,0.13,49,5981.558793
client1,0.13,50,6103.424756
client1,0.13,51,6225.290718
client1,0.13,52,6347.156681
client1,0.13,53,6469.022643
client1,0.13,54,6590.888606
client1,0.13,55,6712.754568
client1,0.13,56,6834.620531
client1,0.13,57,6956.486493
client1,0.13,58,7078.352456
client1,0.13,59,7200.218418
client1,0.13,60,7322.084381
client1,0.13,61,7443.950343
client1,0.13,62,7565.816306
client1,0.13,63,7687.682268
client1,0.13,64,7809.548231
client1,0.13,65,7931.414193
client1,0.13,66,8053.280156
client1,0.13,67,8175.146118
client1,0.13,68,8297.012081
client1,0.13,69,8418.878043
client1,0.13,70,8540.744006
client1,0.13,71,8662.609968
client1,0.13,72,8784.475931
client1,0.13,73,8906.341893
client1,0.13,74,9028.207856
client1,0.13,75,9150.073818
client1,0.13,76,9271.939781
client1,0.13,77,9393.805743
client1,0.13,78,9515.671706
client1,0.13,79,9637.537668
client1,0.13,80,9759.403631
client1,0.13,81,9881.269593
client1,0.13,82,10003.135556
client1,0.13,83,10125.001518
client1,0.13,84,10246.867481
client1,0.13,85,10368.733443
client1,0.13,86,10490.599406
client1,0.13,87,10612.465368
client1,0.13,88,10734.331331
client1,0.13,89,10856.197293
client1,0.13,90,10978.063256
client1,0.13,91,11099.929218
client1,0.13,92,11221.795181
client1,0.13,93,11343.661143
client1,0.13,94,11465.527106
client1,0.13,95,11587.393068
client1,0.13,96,11709.259031
client1,0.13,97,11831.124993
client1,0.13,98,11952.990956
client1,0.13,99,12074.856918
client1,0.13,100,12196.722881
client2,0.13,1,2177.15886
client2,0.13,2,4344.191088
client2,0.13,3,6511.223317
client2,0.13,4,8678.255545
client2,0.13,5,10845.287774
client2,0.13,6,13012.320002
client2,0.13,7,15179.352231
client2,0.13,8,17346.384459
client2,0.13,9,19513.416688
client2,0.13,10,21680.448916
client2,0.13,11,23847.481145
client2,0.13,12,26014.513373
client2,0.13,13,28181.545602
client2,0.13,14,30348.57783
client2,0.13,15,32515.610059
client2,0.13,16,34682.642287
client2,0.13,17,36849.674516
client2,0.13,18,39016.706744
client2,0.13,19,41183.738973
client2,0.13,20,43350.771201
client2,0.13,21,45517.80343
client2,0.13,22,47684.835659
client2,0.13,23,49851.867887
client2,0.13,24,52018.900116
client2,0.13,25,54185.932344
client2,0.13,26,56352.964573
client2,0.13,27,58519.996801
client2,0.13,28,60687.02903
client2,0.13,29,62854.061258
client2,0.13,30,65021.093487
client2,0.13,31,67188.125715
client2,0.13,32,69355.157944
client2,0.13,33,71522.190172
client2,0.13,34,73689.222401
client2,0.13,35,75856.254629
client2,0.13,36,78023.286858
client2,0.13,37,80190.319086
client2,0.13,38,82357.351315
client2,0.13,39,84524.383543
client2,0.13,40,86691.415772
client2,0.13,41,88858.448
client2,0.13,42,91025.480229
client2,0.13,43,93192.512457
client2,0.13,44,95359.544686
client2,0.13,45,97526.576914
client2,0.13,46,99693.609143
client2,0.13,47,101860.641372
client2,0.13,48,104027.6736
client2,0.13,49,106194.705829
client2,0.13,50,108361.738057
client2,0.13,51,110528.770286
client2,0.13,52,112695.802514
client2,0.13,53,114862.834743
client2,0.13,54,117029.866971
client2,0.13,55,119196.8992
client2,0.13,56,121363.931428
client2,0.13,57,123530.963657
client2,0.13,58,125697.995885
client2,0.13,59,127865.028114
client2,0.13,60,130032.060342
client2,0.13,61,132199.092571
client2,0.13,62,134366.124799
client2,0.13,63,136533.157028
client2,0.13,64,138700.189256
client2,0.13,65,140867.221485
client2,0.13,66,143034.253713
client2,0.13,67,145201.285942
client2,0.13,68,147368.31817
client2,0.13,69,149535.350399
client2,0.13,70,151702.382627
client2,0.13,71,153869.414856
client2,0.13,72,156036.447085
client2,0.13,73,158203.479313
client2,0.13,74,160370.511542
client2,0.13,75,162537.54377
client2,0.13,76,164704.575999
client2,0.13,77,166871.608227
client2,0.13,78,169038.640456
client2,0.13,79,171205.672684
client2,0.13,80,173372.704913
client2,0.13,81,175539.737141
client2,0.13,82,177706.76937
client2,0.13,83,179873.801598
client2,0.13,84,182040.833827
client2,0.13,85,184207.866055
client2,0.13,86,186374.898284
client2,0.13,87,188541.930512
client2,0.13,88,190708.962741
client2,0.13,89,192875.994969
client2,0.13,90,195043.027198
client2,0.13,91,197210.059426
client2,0.13,92,199377.091655
client2,0.13,93,201544.123883
client2,0.13,94,203711.156112
client2,0.13,95,205878.18834
client2,0.13,96,208045.220569
client2,0.13,97,210212.252798
client2,0.13,98,212379.285026
client2,0.13,99,214546.317255
client2,0.13,100,216713.349483
client0,0.12,1,2806.589049
client0,0.12,2,5603.051468
client0,0.12,3,8399.513886
client0,0.12,4,11195.976304
client0,0.12,5,13992.438722
client0,0.12,6,16788.901141
client0,0.12,7,19585.363559
client0,0.12,8,22381.825977
client0,0.12,9,25178.288395
client0,0.12,10,27974.750813
client0,0.12,11,30771.213232
client0,0.12,12,33567.67565
client0,0.12,13,36364.138068
client0,0.12,14,39160.600486
client0,0.12,15,41957.062905
client0,0.12,16,44753.525323
client0,0.12,17,47549.987741
client0,0.12,18,50346.450159
client0,0.12,19,53142.912578
client0,0.12,20,55939.374996
client0,0.12,21,58735.837414
client0,0.12,22,61532.299832
client0,0.12,23,64328.762251
client0,0.12,24,67125.224669
client0,0.12,25,69921.687087
client0,0.12,26,72718.149505
client0,0.12,27,75514.611923
client0,0.12,28,78311.074342
client0,0.12,29,81107.53676
client0,0.12,30,83903.999178
client0,0.12,31,86700.461596
client0,0.12,32,89496.924015
client0,0.12,33,92293.386433
client0,0.12,34,95089.848851
client0,0.12,35,97886.311269
client0,0.12,36,100682.773688
client0,0.12,37,103479.236106
client0,0.12,38,106275.698524
client0,0.12,39,109072.160942
client0,0.12,40,111868.623361
client0,0.12,41,114665.085779
client0,0.12,42,117461.548197
client0,0.12,43,120258.010615
client0,0.12,44,123054.473033
client0,0.12,45,125850.935452
client0,0.12,46,128647.39787
client0,0.12,47,131443.860288
client0,0.12,48,134240.322706
client0,0.12,49,137036.785125
client0,0.12,50,139833.247543
client0,0.12,51,142629.709961
client0,0.12,52,145426.172379
client0,0.12,53,148222.634798
client0,0.12,54,151019.097216
client0,0.12,55,153815.559634
client0,0.12,56,156612.022052
client0,0.12,57,159408.484471
client0,0.12,58,162204.946889
client0,0.12,59,165001.409307
client0,0.12,60,167797.871725
client0,0.12,61,170594.334143
client0,0.12,62,173390.796562
client0,0.12,63,176187.25898
client0,0.12,64,178983.721398
client0,0.12,65,181780.183816
client0,0.12,66,184576.646235
client0,0.12,67,187373.108653
client0,0.12,68,190169.571071
client0,0.12,69,192966.033489
client0,0.12,70,195762.495908
client0,0.12,71,198558.958326
client0,0.12,72,201355.420744
client0,0.12,73,204151.883162
client0,0.12,74,206948.34558
client0,0.12,75,209744.807999
client0,0.12,76,212541.270417
client0,0.12,77,215337.732835
client0,0.12,78,218134.195253
client0,0.12,79,220930.657672
client0,0.12,80,223727.12009
client0,0.12,81,226523.582508
client0,0.12,82,229320.044926
client0,0.12,83,232116.507345
client0,0.12,84,234912.969763
client0,0.12,85,237709.432181
client0,0.12,86,240505.894599
client0,0.12,87,243302.357018
client0,0.12,88,246098.819436
client0,0.12,89,248895.281854
client0,0.12,90,251691.744272
client0,0.12,91,254488.20669
client0,0.12,92,257284.669109
client0,0.12,93,260081.131527
client0,0.12,94,262877.593945
client0,0.12,95,265674.056363
client0,0.12,96,268470.518782
client0,0.12,97,271266.9812
client0,0.12,98,274063.443618
client0,0.12,99,276859.906036
client0,0.12,100,279656.368455
client1,0.12,1,1586.335675
client1,0.12,2,3162.54472
client1,0.12,3,4738.753764
client1,0.12,4,6314.962808
client1,0.12,5,7891.171853
client1,0.12,6,9467.380897
client1,0.12,7,11043.589941
client1,0.12,8,12619.798986
client1,0.12,9,14196.00803
client1,0.12,10,15772.217074
client1,0.12,11,17348.426119
client1,0.12,12,18924.635163
client1,0.12,13,20500.844207
client1,0.12,14,22077.053251
client1,0.12,15,23653.262296
client1,0.12,16,25229.47134
client1,0.12,17,26805.680384
client1,0.12,18,28381.889429
client1,0.12,19,29958.098473
client1,0.12,20,31534.307517
client1,0.12,21,33110.516562
client1,0.12,22,34686.725606
client1,0.12,23,36262.93465
client1,0.12,24,37839.143695
client1,0.12,25,39415.352739
client1,0.12,26,40991.561783
client1,0.12,27,42567.770828
client1,0.12,28,44143.979872
client1,0.12,29,45720.188916
client1,0.12,30,47296.39796
client1,0.12,31,48872.607005
client1,0.12,32,50448.816049
client1,0.12,33,52025.025093
client1,0.12,34,53601.234138
client1,0.12,35,55177.443182
client1,0.12,36,56753.652226
client1,0.12,37,58329.861271
client1,0.12,38,59906.070315
client1,0.12,39,61482.279359
client1,0.12,40,63058.488404
client1,0.12,41,64634.697448
client1,0.12,42,66210.906492
client1,0.12,43,67787.115536
client1,0.12,44,69363.324581
client1,0.12,45,70939.533625
client1,0.12,46,72515.742669
client1,0.12,47,74091.951714
client1,0.12,48,75668.160758
client1,0.12,49,77244.369802
client1,0.12,50,78820.578847
client1,0.12,51,80396.787891
client1,0.12,52,81972.996935
client1,0.12,53,83549.20598
client1,0.12,54,85125.415024
client1,0.12,55,86701.624068
client1,0.12,56,88277.833113
client1,0.12,57,89854.042157
client1,0.12,58,91430.251201
client1,0.12,59,93006.460245
client1,0.12,60,94582.66929
client1,0.12,61,96158.878334
client1,0.12,62,97735.087378
client1,0.12,63,99311.296423
client1,0.12,64,100887.505467
client1,0.12,65,102463.714511
client1,0.12,66,104039.923556
client1,0.12,67,105616.1326
client1,0.12,68,107192.341644
client1,0.12,69,108768.550689
client1,0.12,70,110344.759733
client1,0.12,71,111920.968777
client1,0.12,72,113497.177822
client1,0.12,73,115073.386866
client1,0.12,74,116649.59591
client1,0.12,75,118225.804954
client1,0.12,76,119802.013999
client1,0.12,77,121378.223043
client1,0.12,78,122954.432087
client1,0.12,79,124530.641132
client1,0.12,80,126106.850176
client1,0.12,81,127683.05922
client1,0.12,82,129259.268265
client1,0.12,83,130835.477309
client1,0.12,84,132411.686353
client1,0.12,85,133987.895398
client1,0.12,86,135564.104442
client1,0.12,87,137140.313486
client1,0.12,88,138716.522531
client1,0.12,89,140292.731575
client1,0.12,90,141868.940619
client1,0.12,91,143445.149663
client1,0.12,92,145021.358708
client1,0.12,93,146597.567752
client1,0.12,94,148173.776796
client1,0.12,95,149749.985841
client1,0.12,96,151326.194885
client1,0.12,97,152902.403929
client1,0.12,98,154478.612974
client1,0.12,99,156054.822018
client1,0.12,100,157631.031062
client2,0.12,1,3909.109976
client2,0.12,2,7808.093322
client2,0.12,3,11707.076667
client2,0.12,4,15606.060012
client2,0.12,5,19505.043357
client2,0.12,6,23404.026702
client2,0.12,7,27303.010047
client2,0.12,8,31201.993393
client2,0.12,9,35100.976738
client2,0.12,10,38999.960083
client2,0.12,11,42898.943428
client2,0.12,12,46797.926773
client2,0.12,13,50696.910119
client2,0.12,14,54595.893464
client2,0.12,15,58494.876809
client2,0.12,16,62393.860154
client2,0.12,17,66292.843499
client2,0.12,18,70191.826845
client2,0.12,19,74090.81019
client2,0.12,20,77989.793535
client2,0.12,21,81888.77688
client2,0.12,22,85787.760225
client2,0.12,23,89686.743571
client2,0.12,24,93585.726916
client2,0.12,25,97484.710261
client2,0.12,26,101383.693606
client2,0.12,27,105282.676951
client2,0.12,28,109181.660297
client2,0.12,29,113080.643642
client2,0.12,30,116979.626987
client2,0.12,31,120878.610332
client2,0.12,32,124777.593677
client2,0.12,33,128676.577023
client2,0.12,34,132575.560368
client2,0.12,35,136474.543713
client2,0.12,36,140373.527058
client2,0.12,37,144272.510403
client2,0.12,38,148171.493749
client2,0.12,39,152070.477094
client2,0.12,40,155969.460439
client2,0.12,41,159868.443784
client2,0.12,42,163767.427129
client2,0.12,43,167666.410475
client2,0.12,44,171565.39382
client2,0.12,45,175464.377165
client2,0.12,46,179363.36051
client2,0.12,47,183262.343855
client2,0.12,48,187161.327201
client2,0.12,49,191060.310546
client2,0.12,50,194959.293891
client2,0.12,51,198858.277236
client2,0.12,52,202757.260581
client2,0.12,53,206656.243927
client2,0.12,54,210555.227272
client2,0.12,55,214454.210617
client2,0.12,56,218353.193962
client2,0.12,57,222252.177307
client2,0.12,58,226151.160653
client2,0.12,59,230050.143998
client2,0.12,60,233949.127343
client2,0.12,61,237848.110688
client2,0.12,62,241747.094033
client2,0.12,63,245646.077379
client2,0.12,64,249545.060724
client2,0.12,65,253444.044069
client2,0.12,66,257343.027414
client2,0.12,67,261242.010759
client2,0.12,68,265140.994105
client2,0.12,69,269039.97745
client2,0.12,70,272938.960795
client2,0.12,71,276837.94414
client2,0.12,72,280736.927485
client2,0.12,73,284635.910831
client2,0.12,74,288534.894176
client2,0.12,75,292433.877521
client2,0.12,76,296332.860866
client2,0.12,77,300231.844211
client2,0.12,78,304130.827557
client2,0.12,79,308029.810902
client2,0.12,80,311928.794247
client2,0.12,81,315827.777592
client2,0.12,82,319726.760937
client2,0.12,83,323625.744283
client2,0.12,84,327524.727628
client2,0.12,85,331423.710973
client2,0.12,86,335322.694318
client2,0.12,87,339221.677663
client2,0.12,88,343120.661009
client2,0.12,89,347019.644354
client2,0.12,90,350918.627699
client2,0.12,91,354817.611044
client2,0.12,92,358716.594389
client2,0.12,93,362615.577735
client2,0.12,94,366514.56108
client2,0.12,95,370413.544425
client2,0.12,96,374312.52777
client2,0.12,97,378211.511115
client2,0.12,98,382110.494461
client2,0.12,99,386009.477806
client2,0.12,100,389908.461151
client0,0.11,1,46411.787886
client0,0.11,2,92813.44914
client0,0.11,3,139215.110395
client0,0.11,4,185616.771649
client0,0.11,5,232018.432903
client0,0.11,6,278420.094158
client0,0.11,7,324821.755412
client0,0.11,8,371223.416667
client0,0.11,9,417625.077921
client0,0.11,10,464026.739176
client0,0.11,11,510428.40043
client0,0.11,12,556830.061685
client0,0.11,13,603231.722939
client0,0.11,14,649633.384194
client0,0.11,15,696035.045448
client0,0.11,16,742436.706703
client0,0.11,17,788838.367957
client0,0.11,18,835240.029212
client0,0.11,19,881641.690466
client0,0.11,20,928043.35172
client0,0.11,21,974445.012975
client0,0.11,22,1020846.674229
client0,0.11,23,1067248.335484
client0,0.11,24,1113649.996738
client0,0.11,25,1160051.657993
client0,0.11,26,1206453.319247
client0,0.11,27,1252854.980502
client0,0.11,28,1299256.641756
client0,0.11,29,1345658.303011
client0,0.11,30,1392059.964265
client0,0.11,31,1438461.62552
client0,0.11,32,1484863.286774
client0,0.11,33,1531264.948029
client0,0.11,34,1577666.609283
client0,0.11,35,1624068.270537
client0,0.11,36,1670469.931792
client0,0.11,37,1716871.593046
client0,0.11,38,1763273.254301
client0,0.11,39,1809674.915555
client0,0.11,40,1856076.57681
client0,0.11,41,1902478.238064
client0,0.11,42,1948879.899319
client0,0.11,43,1995281.560573
client0,0.11,44,2041683.221828
client0,0.11,45,2088084.883082
client0,0.11,46,2134486.544337
client0,0.11,47,2180888.205591
client0,0.11,48,2227289.866846
client0,0.11,49,2273691.5281
client0,0.11,50,2320093.189354
client0,0.11,51,2366494.850609
client0,0.11,52,2412896.511863
client0,0.11,53,2459298.173118
client0,0.11,54,2505699.834372
client0,0.11,55,2552101.495627
client0,0.11,56,2598503.156881
client0,0.11,57,2644904.818136
client0,0.11,58,2691306.47939
client0,0.11,59,2737708.140645
client0,0.11,60,2784109.801899
client0,0.11,61,2830511.463154
client0,0.11,62,2876913.124408
client0,0.11,63,2923314.785663
client0,0.11,64,2969716.446917
client0,0.11,65,3016118.108171
client0,0.11,66,3062519.769426
client0,0.11,67,3108921.43068
client0,0.11,68,3155323.091935
client0,0.11,69,3201724.753189
client0,0.11,70,3248126.414444
client0,0.11,71,3294528.075698
client0,0.11,72,3340929.736953
client0,0.11,73,3387331.398207
client0,0.11,74,3433733.059462
client0,0.11,75,3480134.720716
client0,0.11,76,3526536.381971
client0,0.11,77,3572938.043225
client0,0.11,78,3619339.70448
client0,0.11,79,3665741.365734
client0,0.11,80,3712143.026988
client0,0.11,81,3758544.688243
client0,0.11,82,3804946.349497
client0,0.11,83,3851348.010752
client0,0.11,84,3897749.672006
client0,0.11,85,3944151.333261
client0,0.11,86,3990552.994515
client0,0.11,87,4036954.65577
client0,0.11,88,4083356.317024
client0,0.11,89,4129757.978279
client0,0.11,90,4176159.639533
client0,0.11,91,4222561.300788
client0,0.11,92,4268962.962042
client0,0.11,93,4315364.623297
client0,0.11,94,4361766.284551
client0,0.11,95,4408167.945806
client0,0.11,96,4454569.60706
client0,0.11,97,4500971.268314
client0,0.11,98,4547372.929569
client0,0.11,99,4593774.590823
client0,0.11,100,4640176.252078
client1,0.11,1,35047.627167
client1,0.11,2,70085.127703
client1,0.11,3,105122.628239
client1,0.11,4,140160.128775
client1,0.11,5,175197.629311
client1,0.11,6,210235.129847
client1,0.11,7,245272.630384
client1,0.11,8,280310.13092
client1,0.11,9,315347.631456
client1,0.11,10,350385.131992
client1,0.11,11,385422.632528
client1,0.11,12,420460.133064
client1,0.11,13,455497.6336
client1,0.11,14,490535.134136
client1,0.11,15,525572.634672
client1,0.11,16,560610.135208
client1,0.11,17,595647.635744
client1,0.11,18,630685.13628
client1,0.11,19,665722.636816
client1,0.11,20,700760.137352
client1,0.11,21,735797.637888
client1,0.11,22,770835.138424
client1,0.11,23,805872.638961
client1,0.11,24,840910.139497
client1,0.11,25,875947.640033
client1,0.11,26,910985.140569
client1,0.11,27,946022.641105
client1,0.11,28,981060.141641
client1,0.11,29,1016097.642177
client1,0.11,30,1051135.142713
client1,0.11,31,1086172.643249
client1,0.11,32,1121210.143785
client1,0.11,33,1156247.644321
client1,0.11,34,1191285.144857
client1,0.11,35,1226322.645393
client1,0.11,36,1261360.145929
client1,0.11,37,1296397.646465
client1,0.11,38,1331435.147001
client1,0.11,39,1366472.647538
client1,0.11,40,1401510.148074
client1,0.11,41,1436547.64861
client1,0.11,42,1471585.149146
client1,0.11,43,1506622.649682
client1,0.11,44,1541660.150218
client1,0.11,45,1576697.650754
client1,0.11,46,1611735.15129
client1,0.11,47,1646772.651826
client1,0.11,48,1681810.152362
client1,0.11,49,1716847.652898
client1,0.11,50,1751885.153434
client1,0.11,51,1786922.65397
client1,0.11,52,1821960.154506
client1,0.11,53,1856997.655042
client1,0.11,54,1892035.155578
client1,0.11,55,1927072.656115
client1,0.11,56,1962110.156651
client1,0.11,57,1997147.657187
client1,0.11,58,2032185.157723
client1,0.11,59,2067222.658259
client1,0.11,60,2102260.158795
client1,0.11,61,2137297.659331
client1,0.11,62,2172335.159867
client1,0.11,63,2207372.660403
client1,0.11,64,2242410.160939
client1,0.11,65,2277447.661475
client1,0.11,66,2312485.162011
client1,0.11,67,2347522.662547
client1,0.11,68,2382560.163083
client1,0.11,69,2417597.663619
client1,0.11,70,2452635.164155
client1,0.11,71,2487672.664692
client1,0.11,72,2522710.165228
client1,0.11,73,2557747.665764
client1,0.11,74,2592785.1663
client1,0.11,75,2627822.666836
client1,0.11,76,2662860.167372
client1,0.11,77,2697897.667908
client1,0.11,78,2732935.168444
client1,0.11,79,2767972.66898
client1,0.11,80,2803010.169516
client1,0.11,81,2838047.670052
client1,0.11,82,2873085.170588
client1,0.11,83,2908122.671124
client1,0.11,84,2943160.17166
client1,0.11,85,2978197.672196
client1,0.11,86,3013235.172732
client1,0.11,87,3048272.673269
client1,0.11,88,3083310.173805
client1,0.11,89,3118347.674341
client1,0.11,90,3153385.174877
client1,0.11,91,3188422.675413
client1,0.11,92,3223460.175949
client1,0.11,93,3258497.676485
client1,0.11,94,3293535.177021
client1,0.11,95,3328572.677557
client1,0.11,96,3363610.178093
client1,0.11,97,3398647.678629
client1,0.11,98,3433685.179165
client1,0.11,99,3468722.679701
client1,0.11,100,3503760.180237
client2,0.11,1,6167.41252
client2,0.11,2,12324.698408
client2,0.11,3,18481.984297
client2,0.11,4,24639.270186
client2,0.11,5,30796.556074
client2,0.11,6,36953.841963
client2,0.11,7,43111.127852
client2,0.11,8,49268.41374
client2,0.11,9,55425.699629
client2,0.11,10,61582.985517
client2,0.11,11,67740.271406
client2,0.11,12,73897.557295
client2,0.11,13,80054.843183
client2,0.11,14,86212.129072
client2,0.11,15,92369.414961
client2,0.11,16,98526.700849
client2,0.11,17,104683.986738
client2,0.11,18,110841.272626
client2,0.11,19,116998.558515
client2,0.11,20,123155.844404
client2,0.11,21,129313.130292
client2,0.11,22,135470.416181
client2,0.11,23,141627.70207
client2,0.11,24,147784.987958
client2,0.11,25,153942.273847
client2,0.11,26,160099.559736
client2,0.11,27,166256.845624
client2,0.11,28,172414.131513
client2,0.11,29,178571.417401
client2,0.11,30,184728.70329
client2,0.11,31,190885.989179
client2,0.11,32,197043.275067
client2,0.11,33,203200.560956
client2,0.11,34,209357.846845
client2,0.11,35,215515.132733
client2,0.11,36,221672.418622
client2,0.11,37,227829.70451
client2,0.11,38,233986.990399
client2,0.11,39,240144.276288
client2,0.11,40,246301.562176
client2,0.11,41,252458.848065
client2,0.11,42,258616.133954
client2,0.11,43,264773.419842
client2,0.11,44,270930.705731
client2,0.11,45,277087.99162
client2,0.11,46,283245.277508
client2,0.11,47,289402.563397
client2,0.11,48,295559.849285
client2,0.11,49,301717.135174
client2,0.11,50,307874.421063
client2,0.11,51,314031.706951
client2,0.11,52,320188.99284
client2,0.11,53,326346.278729
client2,0.11,54,332503.564617
client2,0.11,55,338660.850506
client2,0.11,56,344818.136394
client2,0.11,57,350975.422283
client2,0.11,58,357132.708172
client2,0.11,59,363289.99406
client2,0.11,60,369447.279949
client2,0.11,61,375604.565838
client2,0.11,62,381761.851726
client2,0.11,63,387919.137615
client2,0.11,64,394076.423504
client2,0.11,65,400233.709392
client2,0.11,66,406390.995281
client2,0.11,67,412548.281169
client2,0.11,68,418705.567058
client2,0.11,69,424862.852947
client2,0.11,70,431020.138835
client2,0.11,71,437177.424724
client2,0.11,72,443334.710613
client2,0.11,73,449491.996501
client2,0.11,74,455649.28239
client2,0.11,75,461806.568278
client2,0.11,76,467963.854167
client2,0.11,77,474121.140056
client2,0.11,78,480278.425944
client2,0.11,79,486435.711833
client2,0.11,80,492592.997722
client2,0.11,81,498750.28361
client2,0.11,82,504907.569499
client2,0.11,83,511064.855388
client2,0.11,84,517222.141276
client2,0.11,85,523379.427165
client2,0.11,86,529536.713053
client2,0.11,87,535693.998942
client2,0.11,88,541851.284831
client2,0.11,89,548008.570719
client2,0.11,90,554165.856608
client2,0.11,91,560323.142497
client2,0.11,92,566480.428385
client2,0.11,93,572637.714274
client2,0.11,94,578795.000162
client2,0.11,95,584952.286051
client2,0.11,96,591109.57194
client2,0.11,97,597266.857828
client2,0.11,98,603424.143717
client2,0.11,99,609581.429606
client2,0.11,100,615738.715494
client0,0.1,1,232580.414401
client0,0.1,2,465150.702171
client0,0.1,3,697720.989941
client0,0.1,4,930291.277711
client0,0.1,5,1162861.565481
client0,0.1,6,1395431.85325
client0,0.1,7,1628002.14102
client0,0.1,8,1860572.42879
client0,0.1,9,2093142.71656
client0,0.1,10,2325713.00433
client0,0.1,11,2558283.2921
client0,0.1,12,2790853.57987
client0,0.1,13,3023423.86764
client0,0.1,14,3255994.15541
client0,0.1,15,3488564.44318
client0,0.1,16,3721134.730949
client0,0.1,17,3953705.018719
client0,0.1,18,4186275.306489
client0,0.1,19,4418845.594259
client0,0.1,20,4651415.882029
client0,0.1,21,4883986.169799
client0,0.1,22,5116556.457569
client0,0.1,23,5349126.745339
client0,0.1,24,5581697.033109
client0,0.1,25,5814267.320878
client0,0.1,26,6046837.608648
client0,0.1,27,6279407.896418
client0,0.1,28,6511978.184188
client0,0.1,29,6744548.471958
client0,0.1,30,6977118.759728
client0,0.1,31,7209689.047498
client0,0.1,32,7442259.335268
client0,0.1,33,7674829.623038
client0,0.1,34,7907399.910808
client0,0.1,35,8139970.198577
client0,0.1,36,8372540.486347
client0,0.1,37,8605110.774117
client0,0.1,38,8837681.061887
client0,0.1,39,9070251.349657
client0,0.1,40,9302821.637427
client0,0.1,41,9535391.925197
client0,0.1,42,9767962.212967
client0,0.1,43,10000532.500737
client0,0.1,44,10233102.788506
client0,0.1,45,10465673.076276
client0,0.1,46,10698243.364046
client0,0.1,47,10930813.651816
client0,0.1,48,11163383.939586
client0,0.1,49,11395954.227356
client0,0.1,50,11628524.515126
client0,0.1,51,11861094.802896
client0,0.1,52,12093665.090666
client0,0.1,53,12326235.378436
client0,0.1,54,12558805.666205
client0,0.1,55,12791375.953975
client0,0.1,56,13023946.241745
client0,0.1,57,13256516.529515
client0,0.1,58,13489086.817285
client0,0.1,59,13721657.105055
client0,0.1,60,13954227.392825
client0,0.1,61,14186797.680595
client0,0.1,62,14419367.968365
client0,0.1,63,14651938.256134
client0,0.1,64,14884508.543904
client0,0.1,65,15117078.831674
client0,0.1,66,15349649.119444
client0,0.1,67,15582219.407214
client0,0.1,68,15814789.694984
client0,0.1,69,16047359.982754
client0,0.1,70,16279930.270524
client0,0.1,71,16512500.558294
client0,0.1,72,16745070.846064
client0,0.1,73,16977641.133833
client0,0.1,74,17210211.421603
client0,0.1,75,17442781.709373
client0,0.1,76,17675351.997143
client0,0.1,77,17907922.284913
client0,0.1,78,18140492.572683
client0,0.1,79,18373062.860453
client0,0.1,80,18605633.148223
client0,0.1,81,18838203.435993
client0,0.1,82,19070773.723762
client0,0.1,83,19303344.011532
client0,0.1,84,19535914.299302
client0,0.1,85,19768484.587072
client0,0.1,86,20001054.874842
client0,0.1,87,20233625.162612
client0,0.1,88,20466195.450382
client0,0.1,89,20698765.738152
client0,0.1,90,20931336.025922
client0,0.1,91,21163906.313692
client0,0.1,92,21396476.601461
client0,0.1,93,21629046.889231
client0,0.1,94,21861617.177001
client0,0.1,95,22094187.464771
client0,0.1,96,22326757.752541
client0,0.1,97,22559328.040311
client0,0.1,98,22791898.328081
client0,0.1,99,23024468.615851
client0,0.1,100,23257038.903621
client1,0.1,1,319141.432512
client1,0.1,2,638272.738394
client1,0.1,3,957404.044275
client1,0.1,4,1276535.350156
client1,0.1,5,1595666.656037
client1,0.1,6,1914797.961919
client1,0.1,7,2233929.2678
client1,0.1,8,2553060.573681
client1,0.1,9,2872191.879563
client1,0.1,10,3191323.185444
client1,0.1,11,3510454.491325
client1,0.1,12,3829585.797206
client1,0.1,13,4148717.103088
client1,0.1,14,4467848.408969
client1,0.1,15,4786979.71485
client1,0.1,16,5106111.020731
client1,0.1,17,5425242.326613
client1,0.1,18,5744373.632494
client1,0.1,19,6063504.938375
client1,0.1,20,6382636.244257
client1,0.1,21,6701767.550138
client1,0.1,22,7020898.856019
client1,0.1,23,7340030.1619
client1,0.1,24,7659161.467782
client1,0.1,25,7978292.773663
client1,0.1,26,8297424.079544
client1,0.1,27,8616555.385425
client1,0.1,28,8935686.691307
client1,0.1,29,9254817.997188
client1,0.1,30,9573949.303069
client1,0.1,31,9893080.608951
client1,0.1,32,10212211.914832
client1,0.1,33,10531343.220713
client1,0.1,34,10850474.526594
client1,0.1,35,11169605.832476
client1,0.1,36,11488737.138357
client1,0.1,37,11807868.444238
client1,0.1,38,12126999.750119
client1,0.1,39,12446131.056001
client1,0.1,40,12765262.361882
client1,0.1,41,13084393.667763
client1,0.1,42,13403524.973645
client1,0.1,43,13722656.279526
client1,0.1,44,14041787.585407
client1,0.1,45,14360918.891288
client1,0.1,46,14680050.19717
client1,0.1,47,14999181.503051
client1,0.1,48,15318312.808932
client1,0.1,49,15637444.114813
client1,0.1,50,15956575.420695
client1,0.1,51,16275706.726576
client1,0.1,52,16594838.032457
client1,0.1,53,16913969.338339
client1,0.1,54,17233100.64422
client1,0.1,55,17552231.950101
client1,0.1,56,17871363.255982
client1,0.1,57,18190494.561864
client1,0.1,58,18509625.867745
client1,0.1,59,18828757.173626
client1,0.1,60,19147888.479507
client1,0.1,61,19467019.785389
client1,0.1,62,19786151.09127
client1,0.1,63,20105282.397151
client1,0.1,64,20424413.703033
client1,0.1,65,20743545.008914
client1,0.1,66,21062676.314795
client1,0.1,67,21381807.620676
client1,0.1,68,21700938.926558
client1,0.1,69,22020070.232439
client1,0.1,70,22339201.53832
client1,0.1,71,22658332.844201
client1,0.1,72,22977464.150083
client1,0.1,73,23296595.455964
client1,0.1,74,23615726.761845
client1,0.1,75,23934858.067727
client1,0.1,76,24253989.373608
client1,0.1,77,24573120.679489
client1,0.1,78,24892251.98537
client1,0.1,79,25211383.291252
client1,0.1,80,25530514.597133
client1,0.1,81,25849645.903014
client1,0.1,82,26168777.208895
client1,0.1,83,26487908.514777
client1,0.1,84,26807039.820658
client1,0.1,85,27126171.126539
client1,0.1,86,27445302.432421
client1,0.1,87,27764433.738302
client1,0.1,88,28083565.044183
client1,0.1,89,28402696.350064
client1,0.1,90,28721827.655946
client1,0.1,91,29040958.961827
client1,0.1,92,29360090.267708
client1,0.1,93,29679221.573589
client1,0.1,94,29998352.879471
client1,0.1,95,30317484.185352
client1,0.1,96,30636615.491233
client1,0.1,97,30955746.797115
client1,0.1,98,31274878.102996
client1,0.1,99,31594009.408877
client1,0.1,100,31913140.714758
client2,0.1,1,9139.435576
client2,0.1,2,18268.744521
client2,0.1,3,27398.053466
client2,0.1,4,36527.362411
client2,0.1,5,45656.671356
client2,0.1,6,54785.980301
client2,0.1,7,63915.289245
client2,0.1,8,73044.59819
client2,0.1,9,82173.907135
client2,0.1,10,91303.21608
client2,0.1,11,100432.525025
client2,0.1,12,109561.83397
client2,0.1,13,118691.142915
client2,0.1,14,127820.45186
client2,0.1,15,136949.760805
client2,0.1,16,146079.06975
client2,0.1,17,155208.378694
client2,0.1,18,164337.687639
client2,0.1,19,173466.996584
client2,0.1,20,182596.305529
client2,0.1,21,191725.614474
client2,0.1,22,200854.923419
client2,0.1,23,209984.232364
client2,0.1,24,219113.541309
client2,0.1,25,228242.850254
client2,0.1,26,237372.159199
client2,0.1,27,246501.468143
client2,0.1,28,255630.777088
client2,0.1,29,264760.086033
client2,0.1,30,273889.394978
client2,0.1,31,283018.703923
client2,0.1,32,292148.012868
client2,0.1,33,301277.321813
client2,0.1,34,310406.630758
client2,0.1,35,319535.939703
client2,0.1,36,328665.248648
client2,0.1,37,337794.557592
client2,0.1,38,346923.866537
client2,0.1,39,356053.175482
client2,0.1,40,365182.484427
client2,0.1,41,374311.793372
client2,0.1,42,383441.102317
client2,0.1,43,392570.411262
client2,0.1,44,401699.720207
client2,0.1,45,410829.029152
client2,0.1,46,419958.338097
client2,0.1,47,429087.647041
client2,0.1,48,438216.955986
client2,0.1,49,447346.264931
client2,0.1,50,456475.573876
client2,0.1,51,465604.882821
client2,0.1,52,474734.191766
client2,0.1,53,483863.500711
client2,0.1,54,492992.809656
client2,0.1,55,502122.118601
client2,0.1,56,511251.427546
client2,0.1,57,520380.73649
client2,0.1,58,529510.045435
client2,0.1,59,538639.35438
client2,0.1,60,547768.663325
client2,0.1,61,556897.97227
client2,0.1,62,566027.281215
client2,0.1,63,575156.59016
client2,0.1,64,584285.899105
client2,0.1,65,593415.20805
client2,0.1,66,602544.516995
client2,0.1,67,611673.825939
client2,0.1,68,620803.134884
client2,0.1,69,629932.443829
client2,0.1,70,639061.752774
client2,0.1,71,648191.061719
client2,0.1,72,657320.370664
client2,0.1,73,666449.679609
client2,0.1,74,675578.988554
client2,0.1,75,684708.297499
client2,0.1,76,693837.606444
client2,0.1,77,702966.915388
client2,0.1,78,712096.224333
client2,0.1,79,721225.533278
client2,0.1,80,730354.842223
client2,0.1,81,739484.151168
client2,0.1,82,748613.460113
client2,0.1,83,757742.769058
client2,0.1,84,766872.078003
client2,0.1,85,776001.386948
client2,0.1,86,785130.695893
client2,0.1,87,794260.004837
client2,0.1,88,803389.313782
client2,0.1,89,812518.622727
client2,0.1,90,821647.931672
client2,0.1,91,830777.240617
client2,0.1,92,839906.549562
client2,0.1,93,849035.858507
client2,0.1,94,858165.167452
client2,0.1,95,867294.476397
client2,0.1,96,876423.785342
client2,0.1,97,885553.094286
client2,0.1,98,894682.403231
client2,0.1,99,903811.712176
client2,0.1,100,912941.021121
client0,0.05,1,3843444.366158
client0,0.05,2,7686878.605686
client0,0.05,3,11530312.845213
client0,0.05,4,15373747.08474
client0,0.05,5,19217181.324268
client0,0.05,6,23060615.563795
client0,0.05,7,26904049.803322
client0,0.05,8,30747484.042849
client0,0.05,9,34590918.282377
client0,0.05,10,38434352.521904
client0,0.05,11,42277786.761431
client0,0.05,12,46121221.000959
client0,0.05,13,49964655.240486
client0,0.05,14,53808089.480013
client0,0.05,15,57651523.71954
client0,0.05,16,61494957.959068
client0,0.05,17,65338392.198595
client0,0.05,18,69181826.438122
client0,0.05,19,73025260.67765
client0,0.05,20,76868694.917177
client0,0.05,21,80712129.156704
client0,0.05,22,84555563.396231
client0,0.05,23,88398997.635759
client0,0.05,24,92242431.875286
client0,0.05,25,96085866.114813
client0,0.05,26,99929300.354341
client0,0.05,27,103772734.593868
client0,0.05,28,107616168.833395
client0,0.05,29,111459603.072922
client0,0.05,30,115303037.31245
client0,0.05,31,119146471.551977
client0,0.05,32,122989905.791504
client0,0.05,33,126833340.031032
client0,0.05,34,130676774.270559
client0,0.05,35,134520208.510086
client0,0.05,36,138363642.749613
client0,0.05,37,142207076.989141
client0,0.05,38,146050511.228668
client0,0.05,39,149893945.468195
client0,0.05,40,153737379.707723
client0,0.05,41,157580813.94725
client0,0.05,42,161424248.186777
client0,0.05,43,165267682.426304
client0,0.05,44,169111116.665832
client0,0.05,45,172954550.905359
client0,0.05,46,176797985.144886
client0,0.05,47,180641419.384414
client0,0.05,48,184484853.623941
client0,0.05,49,188328287.863468
client0,0.05,50,192171722.102995
client0,0.05,51,196015156.342523
client0,0.05,52,199858590.58205
client0,0.05,53,203702024.821577
client0,0.05,54,207545459.061105
client0,0.05,55,211388893.300632
client0,0.05,56,215232327.540159
client0,0.05,57,219075761.779686
client0,0.05,58,222919196.019214
client0,0.05,59,226762630.258741
client0,0.05,60,230606064.498268
client0,0.05,61,234449498.737796
client0,0.05,62,238292932.977323
client0,0.05,63,242136367.21685
client0,0.05,64,245979801.456377
client0,0.05,65,249823235.695905
client0,0.05,66,253666669.935432
client0,0.05,67,257510104.174959
client0,0.05,68,261353538.414486
client0,0.05,69,265196972.654014
client0,0.05,70,269040406.893541
client0,0.05,71,272883841.133068
client0,0.05,72,276727275.372596
client0,0.05,73,280570709.612123
client0,0.05,74,284414143.85165
client0,0.05,75,288257578.091177
client0,0.05,76,292101012.330705
client0,0.05,77,295944446.570232
client0,0.05,78,299787880.809759
client0,0.05,79,303631315.049287
client0,0.05,80,307474749.288814
client0,0.05,81,311318183.528341
client0,0.05,82,315161617.767868
client0,0.05,83,319005052.007396
client0,0.05,84,322848486.246923
client0,0.05,85,326691920.48645
client0,0.05,86,330535354.725978
client0,0.05,87,334378788.965505
client0,0.05,88,338222223.205032
client0,0.05,89,342065657.444559
client0,0.05,90,345909091.684087
client0,0.05,91,349752525.923614
client0,0.05,92,353595960.163141
client0,0.05,93,357439394.402669
client0,0.05,94,361282828.642196
client0,0.05,95,365126262.881723
client0,0.05,96,368969697.12125
client0,0.05,97,372813131.360778
client0,0.05,98,376656565.600305
client0,0.05,99,380499999.839832
client0,0.05,100,384343434.07936
client1,0.05,1,6854321.806941
client1,0.05,2,13708633.487252
client1,0.05,3,20562945.167562
client1,0.05,4,27417256.847873
client1,0.05,5,34271568.528183
client1,0.05,6,41125880.208493
client1,0.05,7,47980191.888804
client1,0.05,8,54834503.569114
client1,0.05,9,61688815.249424
client1,0.05,10,68543126.929735
client1,0.05,11,75397438.610045
client1,0.05,12,82251750.290356
client1,0.05,13,89106061.970666
client1,0.05,14,95960373.650976
client1,0.05,15,102814685.331287
client1,0.05,16,109668997.011597
client1,0.05,17,116523308.691907
client1,0.05,18,123377620.372218
client1,0.05,19,130231932.052528
client1,0.05,20,137086243.732839
client1,0.05,21,143940555.413149
client1,0.05,22,150794867.093459
client1,0.05,23,157649178.77377
client1,0.05,24,164503490.45408
client1,0.05,25,171357802.13439
client1,0.05,26,178212113.814701
client1,0.05,27,185066425.495011
client1,0.05,28,191920737.175321
client1,0.05,29,198775048.855632
client1,0.05,30,205629360.535942
client1,0.05,31,212483672.216253
client1,0.05,32,219337983.896563
client1,0.05,33,226192295.576873
client1,0.05,34,233046607.257184
client1,0.05,35,239900918.937494
client1,0.05,36,246755230.617804
client1,0.05,37,253609542.298115
client1,0.05,38,260463853.978425
client1,0.05,39,267318165.658736
client1,0.05,40,274172477.339046
client1,0.05,41,281026789.019356
client1,0.05,42,287881100.699667
client1,0.05,43,294735412.379977
client1,0.05,44,301589724.060287
client1,0.05,45,308444035.740598
client1,0.05,46,315298347.420908
client1,0.05,47,322152659.101218
client1,0.05,48,329006970.781529
client1,0.05,49,335861282.461839
client1,0.05,50,342715594.14215
client1,0.05,51,349569905.82246
client1,0.05,52,356424217.50277
client1,0.05,53,363278529.183081
client1,0.05,54,370132840.863391
client1,0.05,55,376987152.543701
client1,0.05,56,383841464.224012
client1,0.05,57,390695775.904322
client1,0.05,58,397550087.584633
client1,0.05,59,404404399.264943
client1,0.05,60,411258710.945253
client1,0.05,61,418113022.625564
client1,0.05,62,424967334.305874
client1,0.05,63,431821645.986184
client1,0.05,64,438675957.666495
client1,0.05,65,445530269.346805
client1,0.05,66,452384581.027115
client1,0.05,67,459238892.707426
client1,0.05,68,466093204.387736
client1,0.05,69,472947516.068047
client1,0.05,70,479801827.748357
client1,0.05,71,486656139.428667
client1,0.05,72,493510451.108978
client1,0.05,73,500364762.789288
client1,0.05,74,507219074.469598
client1,0.05,75,514073386.149909
client1,0.05,76,520927697.830219
client1,0.05,77,527782009.51053
client1,0.05,78,534636321.19084
client1,0.05,79,541490632.87115
client1,0.05,80,548344944.551461
client1,0.05,81,555199256.231771
client1,0.05,82,562053567.912081
client1,0.05,83,568907879.592392
client1,0.05,84,575762191.272702
client1,0.05,85,582616502.953013
client1,0.05,86,589470814.633323
client1,0.05,87,596325126.313633
client1,0.05,88,603179437.993944
client1,0.05,89,610033749.674254
client1,0.05,90,616888061.354564
client1,0.05,91,623742373.034875
client1,0.05,92,630596684.715185
client1,0.05,93,637450996.395496
client1,0.05,94,644305308.075806
client1,0.05,95,651159619.756116
client1,0.05,96,658013931.436427
client1,0.05,97,664868243.116737
client1,0.05,98,671722554.797047
client1,0.05,99,678576866.477358
client1,0.05,100,685431178.157668
client2,0.05,1,60514.43446
client2,0.05,2,121018.742289
client2,0.05,3,181523.050118
client2,0.05,4,242027.357947
client2,0.05,5,302531.665776
client2,0.05,6,363035.973605
client2,0.05,7,423540.281434
client2,0.05,8,484044.589263
client2,0.05,9,544548.897092
client2,0.05,10,605053.204921
client2,0.05,11,665557.51275
client2,0.05,12,726061.820578
client2,0.05,13,786566.128407
client2,0.05,14,847070.436236
client2,0.05,15,907574.744065
client2,0.05,16,968079.051894
client2,0.05,17,1028583.359723
client2,0.05,18,1089087.667552
client2,0.05,19,1149591.975381
client2,0.05,20,1210096.28321
client2,0.05,21,1270600.591039
client2,0.05,22,1331104.898868
client2,0.05,23,1391609.206697
client2,0.05,24,1452113.514526
client2,0.05,25,1512617.822355
client2,0.05,26,1573122.130184
client2,0.05,27,1633626.438013
client2,0.05,28,1694130.745842
client2,0.05,29,1754635.053671
client2,0.05,30,1815139.3615
client2,0.05,31,1875643.669328
client2,0.05,32,1936147.977157
client2,0.05,33,1996652.284986
client2,0.05,34,2057156.592815
client2,0.05,35,2117660.900644
client2,0.05,36,2178165.208473
client2,0.05,37,2238669.516302
client2,0.05,38,2299173.824131
client2,0.05,39,2359678.13196
client2,0.05,40,2420182.439789
client2,0.05,41,2480686.747618
client2,0.05,42,2541191.055447
client2,0.05,43,2601695.363276
client2,0.05,44,2662199.671105
client2,0.05,45,2722703.978934
client2,0.05,46,2783208.286763
client2,0.05,47,2843712.594592
client2,0.05,48,2904216.902421
client2,0.05,49,2964721.21025
client2,0.05,50,3025225.518078
client2,0.05,51,3085729.825907
client2,0.05,52,3146234.133736
client2,0.05,53,3206738.441565
client2,0.05,54,3267242.749394
client2,0.05,55,3327747.057223
client2,0.05,56,3388251.365052
client2,0.05,57,3448755.672881
client2,0.05,58,3509259.98071
client2,0.05,59,3569764.288539
client2,0.05,60,3630268.596368
client2,0.05,61,3690772.904197
client2,0.05,62,3751277.212026
client2,0.05,63,3811781.519855
client2,0.05,64,3872285.827684
client2,0.05,65,3932790.135513
client2,0.05,66,3993294.443342
client2,0.05,67,4053798.751171
client2,0.05,68,4114303.059
client2,0.05,69,4174807.366829
client2,0.05,70,4235311.674657
client2,0.05,71,4295815.982486
client2,0.05,72,4356320.290315
client2,0.05,73,4416824.598144
client2,0.05,74,4477328.905973
client2,0.05,75,4537833.213802
client2,0.05,76,4598337.521631
client2,0.05,77,4658841.82946
client2,0.05,78,4719346.137289
client2,0.05,79,4779850.445118
client2,0.05,80,4840354.752947
client2,0.05,81,4900859.060776
client2,0.05,82,4961363.368605
client2,0.05,83,5021867.676434
client2,0.05,84,5082371.984263
client2,0.05,85,5142876.292092
client2,0.05,86,5203380.599921
client2,0.05,87,5263884.90775
client2,0.05,88,5324389.215579
client2,0.05,89,5384893.523407
client2,0.05,90,5445397.831236
client2,0.05,91,5505902.139065
client2,0.05,92,5566406.446894
client2,0.05,93,5626910.754723
client2,0.05,94,5687415.062552
client2,0.05,95,5747919.370381
client2,0.05,96,5808423.67821
client2,0.05,97,5868927.986039
client2,0.05,98,5929432.293868
client2,0.05,99,5989936.601697
client2,0.05,100,6050440.909526